BAS_DD,ISU_CD,ISU_NM,TDD_CLSPRC,CMPPREVDD_PRC,FLUC_RT,NAV,TDD_OPNPRC,TDD_HGPRC,TDD_LWPRC,ACC_TRDVOL,ACC_TRDVAL,MKTCAP,INVSTASST_NETASST_TOTAMT,LIST_SHRS,IDX_IND_NM,OBJ_STKPRC_IDX,CMPPREVDD_IDX,FLUC_RT_IDX
20240502,451060,1Q K200액티브,11580,-45,-0.39,11598.02,11615,11615,11545,12343,142883810,154593000000,154833525588,13350000,코스피 200,364.31,-0.82,-0.22
20240502,472350,1Q 차이나H(H),11350,195,1.75,11131.09,11175,11360,11155,149,1670325,22700000000,20035961149,2000000,Hang Seng China H,6437.09,146.47,2.33
20240502,105190,ACE 200,36765,-175,-0.47,36833.13,36730,36875,36690,2255,82975805,461400750000,462255725377,12550000,코스피 200,364.31,-0.82,-0.22
20240502,332500,ACE 200TR,23690,-130,-0.55,23754.85,23560,23785,23560,14412,342003120,40273000000,40383245791,1700000,코스피 200 TR,464.52,-1.00,-0.21
20240502,385600,ACE 2차전지&친환경차액티브,11760,-200,-1.67,11765.75,12100,12100,11750,3275,38656545,22344000000,22354926736,1900000,FnGuide 친환경 자동차 밸류체인 지수,1571.58,-7.04,-0.45
20240502,469150,ACE AI반도체포커스,16225,-25,-0.15,16200.67,15905,16250,15905,40433,650567415,42996250000,42121746056,2650000,FnGuide AI 반도체 포커스 지수(시장가격),2025.58,-7.20,-0.35
20240502,385590,ACE ESG액티브,8130,-25,-0.31,8126.96,8085,8165,8085,498,4038690,26016000000,26006284015,3200000,MSCI Korea Country ESG Leaders Custom Capped Price return Index,1608.11,-9.62,-0.59
20240502,380340,ACE Fn5G플러스,10395,-40,-0.38,10442.77,10360,10445,10325,587,6092425,7276500000,7309939416,700000,FnGuide 5G플러스 지수 (시장가격),2079.20,-2.40,-0.12
20240502,226380,ACE Fn성장소비주도주,5930,15,0.25,5934.12,5935,5960,5915,898,5323160,5930000000,5934120165,1000000,FnGuide 성장소비주도 지수,1962.55,5.29,0.27
20240502,414270,ACE G2전기차&자율주행액티브,8120,-230,-2.75,8015.97,8115,8145,8005,86854,702560065,64960000000,62925358244,8000000,FactSet US-China Electric&Autonomous Vehicle Price Return Index,230.21,2.85,1.25
20240502,475050,ACE KPOP포커스,8145,70,0.87,8149.13,8075,8245,8075,67432,550720455,13846500000,14260975937,1700000,iSelect K-POP 포커스지수(시장가격),2040.17,20.85,1.03
20240502,411050,ACE 글로벌메타버스테크액티브,11335,-320,-2.75,11228.74,11480,11490,11325,1631,18508440,17002500000,16843115313,1500000,Bloomberg Global Digital Media & Tech Select Price Return Index,3986.83,1.03,0.03
20240502,446770,ACE 글로벌반도체TOP4 Plus SOLACTIVE,21550,-590,-2.66,21150.81,21350,21550,21250,318536,6832903685,329715000000,320434826983,15300000,Solactive Global Semiconductor TOP4 Plus Price Return Index,3935.43,-165.85,-4.04
20240502,435040,ACE 글로벌브랜드TOP10블룸버그,14010,-235,-1.65,13891.59,14020,14070,13935,2136,29935645,12609000000,12502426700,900000,Bloomberg Global Select Industry Leaders TOP10 Index(PR),3576.92,-4.36,-0.12
20240502,460960,ACE 글로벌인컴TOP10 SOLACTIVE,10625,-15,-0.14,10568.02,10725,10725,10605,13471,143252400,15406250000,15323631354,1450000,Solactive Global Superior Income TOP 10 Price Return Index,759.20,6.52,0.87
20240502,265690,ACE 러시아MSCI(합성),9505,0,0.0,45.36,0,0,0,0,0,17584250000,83911018,1850000,MSCI Russia 25% Capped Price Return Index,-,-,-
20240502,152500,ACE 레버리지,7700,-60,-0.77,7693.4,7650,7740,7650,8173,62965805,10010000000,10001423213,1300000,코스피 200,364.31,-0.82,-0.22
20240502,291130,ACE 멕시코MSCI(합성),16150,-220,-1.34,16070.21,16310,16370,16030,7740,125025685,14535000000,14463185955,900000,MSCI MEXICO IMI 25/50 Price return Index,11467.48,9.93,0.09
20240502,480030,ACE 미국500 15%프리미엄분배(합성),10065,-175,-1.71,10001.63,10065,10105,10045,487253,4910502690,10065000000,13002123036,1000000,Bloomberg US 500 Large Cap Premium Decrement 15% Distribution Index,1056.09,6.53,0.62
20240502,280320,ACE 미국IT인터넷S&P(합성 H),15800,-130,-0.82,15848.01,15865,15865,15800,159,2522210,12640000000,12678411350,800000,다우존스 인터넷 종합지수,913.67,23.02,2.58
20240502,360200,ACE 미국S&P500,17490,-305,-1.71,17392.95,17500,17565,17470,540190,9458533940,947958000000,944437377883,54200000,S&P 500,5064.20,28.51,0.57
20240502,438080,ACE 미국S&P500채권혼합액티브,11450,-85,-0.74,11432.71,11630,11630,11435,77884,893593860,57250000000,57163554237,5000000,S&P500 and Short-Term Treasury 30/70 Blend Index,175.13,0.35,0.20
20240502,309230,ACE 미국WideMoat가치주,24085,-415,-1.69,23866.99,24045,24460,24040,28890,697099765,95858300000,94990611943,3980000,MorningStar Wide Moat Focus Index,13079.15,48.83,0.37
20240502,367380,ACE 미국나스닥100,18365,-435,-2.31,18245.2,18395,18445,18350,465643,8562323650,747455500000,744403979385,40700000,NASDAQ 100,17541.54,100.85,0.58
20240502,438100,ACE 미국나스닥100채권혼합액티브,11800,-110,-0.92,11781.24,12095,12335,11785,34110,403273080,18880000000,18849981798,1600000,NASDAQ-100 US T-Bills 30/70 Index,1610.24,3.28,0.20
20240502,480040,ACE 미국반도체15%프리미엄분배(합성),10215,-380,-3.59,10008.79,10580,10580,10150,380520,3902600140,10215000000,10008788800,1000000,Bloomberg US Listed Semiconductor Premium Decrement 15% Distribution Index,1332.20,-11.46,-0.85
20240502,402970,ACE 미국배당다우존스,11470,-155,-1.33,11423.37,11620,11620,11455,301002,3459060300,306249000000,302719296013,26700000,Dow Jones U.S. Dividend 100 Price Return Index,5448.04,16.52,0.30
20240502,480020,ACE 미국빅테크7+ 15%프리미엄분배(합성),10015,-200,-1.96,9897.49,10000,10060,9995,445781,4468652460,10015000000,12866739858,1000000,Bloomberg US Big Tech Top 7 Plus Premium Decrement 15% Distribution Index,1594.46,21.09,1.34
20240502,465580,ACE 미국빅테크TOP7 Plus,12830,-265,-2.02,12692.19,12755,12870,12755,374403,4805341700,212336500000,210055778398,16550000,Solactive US Big Tech Top 7 Plus Price Return Index,21208.56,321.96,1.54
20240502,465610,ACE 미국빅테크TOP7 Plus레버리지(합성),15500,-735,-4.53,15212.0,15515,15610,15415,58889,914404685,24800000000,24339203548,1600000,Solactive US Big Tech Top 7 Plus Price Return Index,21208.56,321.96,1.54
20240502,465620,ACE 미국빅테크TOP7 Plus인버스(합성),14935,295,2.02,15043.61,15000,15000,14880,798,11919970,4480500000,4513082792,300000,Solactive US Big Tech Top 7 Plus Price Return Index,21208.56,321.96,1.54
20240502,473590,ACE 미국주식베스트셀러,11190,-405,-3.49,11153.23,11210,11210,10910,4341,48460120,11190000000,11153229599,1000000,FnGuide 미국 주식 베스트셀러 지수(시장가격지수),5850.04,-190.15,-3.15
20240502,391600,ACE 미국친환경그린테마INDXX,8570,-135,-1.55,8672.72,8695,8695,8530,1465,12610520,19282500000,19513625287,2250000,Indxx US Green Infrastructure Price return Index,2738.02,83.84,3.16
20240502,245710,ACE 베트남VN30(합성),19100,-90,-0.47,19271.65,19190,19210,19060,42442,811860510,254030000000,256312916364,13300000,VN30 Index(PR),1247.21,6.71,0.54
20240502,131890,ACE 삼성그룹동일가중,17920,-215,-1.19,17912.63,18095,18095,17910,170,3054435,8960000000,8956315548,500000,MKF SAMs EW 지수,17875.56,-206.29,-1.14
20240502,108450,ACE 삼성그룹섹터가중,15640,-35,-0.22,15633.48,15770,15770,15585,6485,101685500,42228000000,42210385271,2700000,MKF SAMs SW,15575.78,-35.57,-0.23
20240502,277540,ACE 아시아TOP50S&P,14050,60,0.43,13934.76,13990,14050,13880,2396,33430510,21075000000,20902135709,1500000,S&P ASIA50 Price Return Index,3969.87,22.11,0.56
20240502,448540,ACE 엔비디아채권혼합블룸버그,18190,-245,-1.33,18090.85,18200,18215,18155,105479,1919358075,101864000000,101308783198,5600000,Bloomberg Blended NVIDIA Equity and Korean Bond Index,6786.71,-120.28,-1.74
20240502,433500,ACE 원자력테마딥서치,15375,-205,-1.32,15397.43,15580,15580,15300,16512,254562970,9225000000,9238455585,600000,DeepSearch 원자력테마 지수 (시장가격지수),1536.07,-24.70,-1.58
20240502,256440,ACE 인도네시아MSCI(합성),10030,-105,-1.04,10115.14,10145,10345,9870,28583,287675880,46138000000,46529639318,4600000,MSCI Indonesia Index,7079.15,-221.70,-3.04
20240502,145670,ACE 인버스,5250,25,0.48,5243.09,5285,5285,5225,3999,20970930,2625000000,2621545077,500000,코스피 200 선물지수,1826.19,-10.50,-0.57
20240502,238720,ACE 일본Nikkei225(H),26810,-115,-0.43,26852.83,26705,26925,26650,8965,240322500,29491000000,29538107733,1100000,Nikkei 225,38236.07,-169.59,-0.44
20240502,196030,ACE 일본TOPIX레버리지(H),43370,-880,-1.99,43790.05,43570,43930,42870,1124,49008855,21685000000,21895022930,500000,TOPIX,2728.53,-14.64,-0.53
20240502,205720,ACE 일본TOPIX인버스(합성 H),2620,0,0.0,2640.12,2625,2640,2605,43536,113806725,7074000000,7128320653,2700000,TOPIX,2728.53,-14.64,-0.53
20240502,469160,ACE 일본반도체,12695,110,0.87,12810.36,12835,12835,12595,6845,86489595,7617000000,7686214620,600000,Bloomberg Japan Semiconductor Select Top 25 Index(Price Return),3720.53,5.33,0.14
20240502,447430,ACE 주주환원가치주액티브,12100,-10,-0.08,12100.23,12100,12105,12020,3225,38884545,16335000000,16335316743,1350000,FnGuide 올라운드 가치주 지수,870.26,-0.86,-0.10
20240502,416090,ACE 중국과창판STAR50,5715,0,0.0,5776.75,5890,5890,5700,1021,5835880,4572000000,4621397229,800000,STAR 50 Index(Price Return),767.46,0.00,0.00
20240502,168580,ACE 중국본토CSI300,24440,-35,-0.14,24341.17,24480,24790,24095,866,21152000,113890400000,112456199641,4660000,CSI 300 Index,3604.39,0.00,0.00
20240502,219900,ACE 중국본토CSI300레버리지(합성),2725,25,0.93,2703.92,2700,2730,2590,67630,182976645,6267500000,6219009174,2300000,CSI 300 Index,3604.39,0.00,0.00
20240502,371870,ACE 차이나항셍테크,5700,255,4.68,5490.9,5445,5700,5340,16018,88941670,5700000000,5490895481,1000000,Hang Seng TECH Index,3865.48,157.67,4.25
20240502,354500,ACE 코스닥150,14440,-75,-0.52,14443.52,14515,14515,14430,889,12864000,23104000000,23109625613,1600000,코스닥 150,1434.32,-7.90,-0.55
20240502,305050,ACE 코스피,27620,-130,-0.47,27596.29,27685,27685,27615,47,1299725,6905000000,6899072255,250000,코스피,2683.65,-8.41,-0.31
20240502,457480,ACE 테슬라밸류체인액티브,10140,-915,-8.28,10096.42,10225,10230,10135,1393859,14173909615,251979000000,252410514280,24850000,Bloomberg EV Supporters Plus Tesla Price Return Index,5072.30,-47.17,-0.92
20240502,469170,ACE 포스코그룹포커스,6900,-80,-1.15,6913.3,6945,6980,6880,121012,835589310,40365000000,40442790667,5850000,FnGuide 포스코그룹포커스 지수(시장가격),3455.73,-40.06,-1.15
20240502,261920,ACE 필리핀MSCI(합성),13775,-120,-0.86,13788.0,13895,13895,13620,243,3332315,5510000000,5515199498,400000,MSCI Philippines IMI Index,1582.23,-10.85,-0.68
20240502,069500,KODEX 200,36515,-135,-0.37,36584.8,36355,36615,36335,3981801,145496706690,6021323500000,6217586635070,164900000,코스피 200,364.31,-0.82,-0.22
20240502,226980,KODEX 200 중소형,13230,-10,-0.08,13220.02,13225,13255,13170,727,9593080,6615000000,6610011344,500000,코스피 200 중소형주지수,1317.65,-1.80,-0.14
20240502,337160,KODEX 200ESG,13420,-95,-0.7,13439.15,13390,13450,13390,337,4523110,34892000000,34941796597,2600000,코스피 200 ESG 지수,400.00,-2.92,-0.72
20240502,363580,KODEX 200IT TR,13055,-40,-0.31,13070.65,13000,13090,12995,11010,143770585,125328000000,113714624772,9600000,코스피200 정보기술 TR,3958.20,-6.06,-0.15
20240502,278530,KODEX 200TR,12695,-55,-0.43,12720.82,12660,12735,12640,72886,925804760,2184174750000,2102751089079,172050000,코스피 200 TR,464.52,-1.00,-0.21
20240502,337150,KODEX 200exTOP,11930,-55,-0.46,11916.89,11930,11945,11925,21,250500,16702000000,16683639849,1400000,코스피 200 초대형제외 지수,257.90,-1.56,-0.60
20240502,223190,KODEX 200가치저변동,11240,-60,-0.53,11260.44,11290,11310,11240,7528,84830065,16860000000,16890667173,1500000,코스피 200 가치저변동성,5533.13,-39.87,-0.72
20240502,252650,KODEX 200동일가중,11060,-75,-0.67,11046.54,11040,11060,11040,108,1192480,6636000000,6627926570,600000,코스피 200 동일가중지수,2228.16,-6.08,-0.27
20240502,360140,KODEX 200롱코스닥150숏선물,8445,10,0.12,8462.08,8390,8465,8390,3029,25462750,23646000000,23693826298,2800000,코스피200 롱 100% 코스닥150 숏 100% 선물지수,728.51,1.19,0.16
20240502,284430,KODEX 200미국채혼합,12800,-5,-0.04,12781.93,12875,12875,12760,41108,526193630,72704000000,72601359358,5680000,코스피 200 미국채 혼합지수,3011.15,-4.68,-0.16
20240502,252670,KODEX 200선물인버스2X,2100,10,0.48,2104.97,2115,2120,2090,131237181,275716338710,1317330000000,1372018990195,627300000,코스피 200 선물지수,1826.19,-10.50,-0.57
20240502,305720,KODEX 2차전지산업,20240,-70,-0.34,20222.55,20290,20425,20170,860801,17448839310,1275120000000,1296265637684,63000000,FnGuide 2차전지 산업 지수,3527.05,-16.25,-0.46
20240502,462330,KODEX 2차전지산업레버리지,3895,-40,-1.02,3899.69,3870,3970,3870,1267611,4956555075,180728000000,185235409926,46400000,FnGuide 2차전지 산업 지수,3527.05,-16.25,-0.46
20240502,461950,KODEX 2차전지핵심소재10 Fn,7485,-95,-1.25,7481.12,7525,7575,7460,187146,1404287105,152694000000,151492638381,20400000,FnGuide 2차전지핵심소재10 지수,6649.27,-87.41,-1.30
20240502,471990,KODEX AI반도체핵심장비,13275,25,0.19,13262.51,13035,13275,12945,1178564,15462335160,232976250000,238062112743,17550000,iSelect AI 반도체핵심장비 지수,3651.02,8.49,0.23
20240502,368680,KODEX Fn K-뉴딜디지털플러스,8155,25,0.31,8156.14,8140,8175,8140,55,449155,9786000000,9787367190,1200000,FnGuide K-뉴딜 디지털 플러스 지수,1942.60,1.20,0.06
20240502,395170,KODEX Fn Top10동일가중,7950,0,0.0,7951.61,7925,7965,7890,47674,378545050,76320000000,76335460848,9600000,FnGuide TOP10 동일가중 지수,1250.92,0.98,0.08
20240502,337120,KODEX Fn멀티팩터,12965,-10,-0.08,12967.82,12990,13005,12965,1326,17225925,7779000000,7780692060,600000,FnGuide 멀티팩터 지수,8150.17,-27.87,-0.34
20240502,325010,KODEX Fn성장,15205,-30,-0.2,15232.95,15170,15240,15170,16300,247990730,94271000000,91397721908,6200000,FnGuide 성장 지수(PR),4302.46,-1.46,-0.03
20240502,395160,KODEX Fn시스템반도체,11210,15,0.13,11213.01,11055,11210,11020,55958,623970200,50445000000,48215938504,4500000,FnGuide AI반도체지수,2571.60,4.21,0.16
20240502,395150,KODEX Fn웹툰&드라마,3750,25,0.67,3759.71,3710,3750,3710,20704,77267820,36375000000,36469164812,9700000,FnGuide 웹툰&드라마 지수,568.89,3.86,0.68
20240502,266370,KODEX IT,19990,0,0.0,20007.58,19765,20035,19765,11339,226553340,31984000000,32012125362,1600000,KRX 정보기술,1718.07,2.20,0.13
20240502,445290,KODEX K-로봇액티브,14100,-25,-0.18,14097.6,14100,14130,14050,49612,698794430,167085000000,167056537602,11850000,iSelect K-로봇테마 지수,1787.35,1.87,0.10
20240502,401470,KODEX K-메타버스액티브,7130,15,0.21,7151.04,7100,7175,7100,75680,540586730,137965500000,138372556825,19350000,FnGuide K-메타버스 지수,1070.08,2.97,0.28
20240502,385520,KODEX K-미래차액티브,9515,25,0.26,9524.66,9425,9540,9425,2283,21725830,27117750000,27145274475,2850000,FnGuide K-미래차 지수,1691.88,-1.11,-0.07
20240502,385510,KODEX K-신재생에너지액티브,17950,-135,-0.75,17954.94,17940,18185,17860,59694,1074969380,45772500000,45785093193,2550000,FnGuide K-신재생에너지 플러스 지수,1592.35,-7.58,-0.47
20240502,373490,KODEX K-이노베이션액티브,12545,15,0.12,12523.98,12450,12605,12395,5820,72907495,5645250000,5009591826,450000,FnGuide K-이노베이션 지수,1924.97,-1.94,-0.10
20240502,445150,KODEX K-친환경선박액티브,11115,-185,-1.64,11108.46,11250,11330,11080,37488,418616065,31677750000,31659121362,2850000,FnGuide K-친환경 선박 지수,1367.30,-16.92,-1.22
20240502,292190,KODEX KRX300,17225,-50,-0.29,17235.27,17285,17285,17210,13370,230665990,22392500000,22405852746,1300000,KRX 300,1691.24,-4.91,-0.29
20240502,306950,KODEX KRX300레버리지,15620,25,0.16,15586.31,15490,15635,15490,259,4016845,15620000000,15586305597,1000000,KRX 300,1691.24,-4.91,-0.29
20240502,404260,KODEX KRX기후변화솔루션,12135,-50,-0.41,12146.68,12155,12190,12135,560,6819620,25483500000,25508029102,2100000,KRX 기후변화 솔루션지수,2328.79,-10.10,-0.43
20240502,229720,KODEX KTOP30,17400,-35,-0.2,17424.12,17435,17435,17400,403,7024075,8700000000,8712061030,500000,KTOP 30,8787.61,-5.74,-0.07
20240502,291890,KODEX MSCI EM선물(H),8085,10,0.12,8012.95,8050,8125,8050,217,1748735,5659500000,5609065925,700000,iEdge Emerging Markets Futures Index(ER),1145.33,29.66,2.66
20240502,289040,KODEX MSCI KOREA ESG유니버설,10715,-90,-0.83,10716.17,0,0,0,0,0,13929500000,13931015139,1300000,MSCI Korea ESG Universal Capped Index,1498.57,-7.35,-0.49
20240502,156080,KODEX MSCI Korea,17275,-150,-0.86,17264.54,17280,17280,17275,4,69110,13820000000,13811628816,800000,MSCI Korea Index,845.29,-2.87,-0.34
20240502,278540,KODEX MSCI Korea TR,12480,-90,-0.72,12477.41,12520,12530,12460,19245,240103205,414336000000,414249978666,33200000,MSCI Korea TR Index,1577.71,-5.35,-0.34
20240502,275280,KODEX MSCI모멘텀,12585,-120,-0.94,12578.7,12600,12620,12550,1356,17084420,8809500000,8805092927,700000,MSCI Korea IMI Momentum Capped,4064.76,-38.57,-0.94
20240502,275290,KODEX MSCI밸류,11425,-40,-0.35,11430.1,11420,11435,11410,1311,14981300,7997500000,8001068480,700000,MSCI Korea IMI Enhanced Value Capped,6675.81,-21.60,-0.32
20240502,275300,KODEX MSCI퀄리티,9275,15,0.16,9272.64,9335,9335,9210,9993,92478220,5565000000,5563585287,600000,MSCI Korea IMI Quality Capped,5423.07,16.46,0.30
20240502,269420,KODEX S&P글로벌인프라(합성),15335,-145,-0.94,15265.65,15390,15390,15245,7721,118392245,24551335000,24440308078,1601000,S&P Global Infrastructure Index,2749.74,30.45,1.12
20240502,433970,KODEX TDF2030액티브,11690,-55,-0.47,11645.71,11710,11710,11670,2379,27804720,12859000000,12810280765,1100000,Samsung Korea Target Date 2030 Index (Price Return),1545.18,-9.46,-0.61
20240502,433980,KODEX TDF2040액티브,12200,-115,-0.93,12151.48,12315,12315,12180,6053,73937860,10370000000,10328760973,850000,Samsung Korea Target Date 2040 Index (Price Return),1710.12,-14.91,-0.86
20240502,434060,KODEX TDF2050액티브,12550,-155,-1.22,12488.37,12680,12680,12515,48808,613031160,58357500000,58070922704,4650000,Samsung Korea Target Date 2050 Index (Price Return),1885.49,-21.29,-1.12
20240502,329650,KODEX TRF3070,12275,-85,-0.69,12296.44,12355,12355,12220,73136,896992105,154665000000,154935127322,12600000,FnGuide TRF 3070 지수,1582.29,-14.75,-0.92
20240502,329660,KODEX TRF5050,14210,-190,-1.32,14183.05,14310,14310,14145,29411,418100630,25578000000,25529491135,1800000,FnGuide TRF 5050 지수,1836.94,-29.66,-1.59
20240502,329670,KODEX TRF7030,16135,-300,-1.83,16150.76,16365,16365,16085,17038,275125750,27429500000,27456289946,1700000,FnGuide TRF 7030 지수,2112.73,-48.65,-2.25
20240502,315930,KODEX Top5PlusTR,22630,-125,-0.55,22653.76,22480,22740,22470,18737,423396100,1244650000000,1245956921350,55000000,FnGuide TOP 5 Plus Total Return 지수,2299.62,-5.26,-0.23
20240502,117700,KODEX 건설,3305,-25,-0.75,3303.75,3320,3330,3295,78342,259156785,22804500000,22795854610,6900000,KRX 건설,668.37,-7.54,-1.12
20240502,300950,KODEX 게임산업,6550,80,1.24,6546.58,6470,6590,6470,62053,406003985,22270000000,22258365532,3400000,FnGuide 게임 산업 지수,797.55,7.20,0.91
20240502,266390,KODEX 경기소비재,8245,15,0.18,8238.99,8230,8250,8210,2449,20153955,4947000000,4943393752,600000,KRX 경기소비재,940.24,-2.26,-0.24
20240502,279530,KODEX 고배당,10170,-45,-0.44,10187.72,10215,10215,10160,34988,356683130,26442000000,26488082408,2600000,FnGuide 고배당 Plus 지수,15099.32,-93.45,-0.62
20240502,276990,KODEX 글로벌로봇(합성),17625,-120,-0.68,17527.79,17660,17745,17590,3003,52921935,27583125000,27430986546,1565000,ROBO Global Robotics & Automation UCITS Price Return Index,901.30,8.04,0.90
20240502,476070,KODEX 글로벌비만치료제TOP2 Plus,11965,320,2.75,11958.56,11790,11975,11675,604600,7211952115,141187000000,141111000536,11800000,iSelect 글로벌 비만치료제TOP2 Plus 지수(PR),3293.99,-72.35,-2.15
20240502,102960,KODEX 기계장비,6810,-65,-0.95,6809.19,6850,6895,6805,20553,140296270,12939000000,12256541974,1900000,KRX 기계장비,732.34,-9.68,-1.30
20240502,122630,KODEX 레버리지,18940,-140,-0.73,19147.84,18800,19055,18775,12241860,232194773550,2118439000000,2027756187227,111850000,코스피 200,364.31,-0.82,-0.22
20240502,321410,KODEX 멀티에셋하이인컴(H),9465,-60,-0.63,9432.13,9465,9465,9465,28,265020,4732500000,4716064116,500000,Morningstar Multi-Asset High Income 10% Capped Index,996.67,8.15,0.82
20240502,244620,KODEX 모멘텀Plus,13315,-65,-0.49,13341.12,13270,13370,13270,13164,175554740,7989000000,8004672197,600000,FnGuide 모멘텀 Plus 지수,4348.52,-10.71,-0.25
20240502,428560,KODEX 미국ETF산업Top10 Indxx,13400,-15,-0.11,13351.02,13415,13465,13360,1064,14274540,8040000000,8010613140,600000,Indxx US ETF Industry Top10 Index(Price Return),3225.82,16.54,0.52
20240502,449180,KODEX 미국S&P500(H),11890,-155,-1.29,11823.5,11880,11890,11865,109903,1305889185,218181500000,216961257801,18350000,S&P 500,5064.20,28.51,0.57
20240502,379800,KODEX 미국S&P500TR,15750,-280,-1.75,15667.15,15770,15820,15730,2594442,40900811350,1023750000000,1011314623142,65000000,S&P 500 Total Return Index,11013.91,62.25,0.57
20240502,453660,KODEX 미국S&P500경기소비재,13040,-350,-2.61,13027.53,13075,13090,12975,449,5853855,10432000000,10422020461,800000,S&P Consumer Discretionary Select Sector Index(Price Return),1785.34,12.89,0.73
20240502,453650,KODEX 미국S&P500금융,13875,-35,-0.25,13793.82,13865,13900,13755,2624,36273170,13181250000,13104125056,950000,S&P Financial Select Sector Index(Price Return),498.50,1.07,0.21
20240502,276970,KODEX 미국S&P500배당귀족커버드콜(합성 H),8590,-30,-0.35,8528.88,8675,8675,8590,5622,48476110,40373000000,40085742044,4700000,S&P500 Dividend Aristocrats Covered Call(7.2% Premium) Index,115.16,0.63,0.55
20240502,200030,KODEX 미국S&P500산업재(합성),29155,-390,-1.32,29036.33,29195,29225,29085,1552,45256535,18192720000,18118669117,624000,S&P Select Sector Industrial Index,1229.46,4.31,0.35
20240502,219480,KODEX 미국S&P500선물(H),23180,-290,-1.24,23060.52,23165,23185,23135,9177,212590875,136762000000,136057094425,5900000,S&P 500 Futures Total Return Index,759.46,3.88,0.51
20240502,218420,KODEX 미국S&P500에너지(합성),14745,-735,-4.75,14772.65,14735,14810,14730,30299,446923920,35889330000,35956635373,2434000,S&P Select Sector Energy Index,973.15,-10.44,-1.06
20240502,463640,KODEX 미국S&P500유틸리티,10885,175,1.63,10870.23,10895,10905,10790,2425,26326100,10340750000,10326722623,950000,S&P Utilities Select Sector Index(Price Return),686.68,11.18,1.65
20240502,463680,KODEX 미국S&P500테크놀로지,11810,-250,-2.07,11744.54,11815,11860,11770,14856,175360845,13581500000,13506221163,1150000,S&P Technology Select Sector Index(Price Return),1984.78,7.50,0.38
20240502,463690,KODEX 미국S&P500통신서비스,12305,-100,-0.81,12309.07,12360,12360,12280,197,2429105,11689750000,11693617492,950000,S&P Communication Services Select Sector Index(Price Return),414.73,7.73,1.90
20240502,453630,KODEX 미국S&P500필수소비재,11000,-125,-1.12,11016.54,11160,11160,10970,806,8887980,10450000000,10465712689,950000,S&P Consumer Staples Select Sector Index(Price Return),763.11,1.00,0.13
20240502,453640,KODEX 미국S&P500헬스케어,11815,45,0.38,11817.5,11770,11910,11770,15332,181859220,15950250000,15953627890,1350000,S&P Health Care Select Sector Index(Price Return),1419.18,1.98,0.14
20240502,185680,KODEX 미국S&P바이오(합성),26270,310,1.19,26118.59,26125,26360,26125,6369,167468180,16707720000,16611426343,636000,S&P Biotechnology Select Industry Index,6891.07,306.70,4.66
20240502,449190,KODEX 미국나스닥100(H),13895,-265,-1.87,13798.0,13880,13900,13865,134628,1868993360,168824250000,169025550529,12150000,NASDAQ 100,17541.54,100.85,0.58
20240502,379810,KODEX 미국나스닥100TR,15950,-410,-2.51,15857.89,15995,16030,15950,666154,10649355010,750447500000,742942375508,47050000,NASDAQ-100 Total Return Index,21066.70,121.12,0.58
20240502,409820,KODEX 미국나스닥100레버리지(합성 H),8865,-345,-3.75,8729.67,8840,8865,8820,430607,3808503340,175083750000,172410993938,19750000,NASDAQ 100,17541.54,100.85,0.58
20240502,304940,KODEX 미국나스닥100선물(H),20695,-415,-1.97,20557.73,20680,20710,20655,17303,357876035,120031000000,118206956826,5800000,NASDAQ 100,17541.54,100.85,0.58
20240502,409810,KODEX 미국나스닥100선물인버스(H),9015,165,1.86,9094.17,9020,9035,9010,134184,1210313195,15776250000,15914797997,1750000,NASDAQ 100,17541.54,100.85,0.58
20240502,280930,KODEX 미국러셀2000(H),12270,-80,-0.65,12157.64,12230,12270,12225,19918,243864370,23926500000,23707405478,1950000,FTSE Russell 2000 Index,2016.11,42.20,2.14
20240502,411420,KODEX 미국메타버스나스닥액티브,10325,-305,-2.87,10244.27,10535,10535,10270,10426,107684620,53690000000,52757965888,5200000,Nasdaq CB Insights Metaverse US Index (Price Return),1206.88,18.03,1.52
20240502,390390,KODEX 미국반도체MV,19900,-780,-3.77,19604.84,19905,20045,19790,857295,17063701080,344270000000,342104493630,17300000,MVIS US Listed Semiconductor 25 Index,6386.21,-61.42,-0.95
20240502,441640,KODEX 미국배당프리미엄액티브,10820,-180,-1.64,10780.1,10990,10990,10810,82948,899386605,54100000000,53900477070,5000000,S&P 500,5064.20,28.51,0.57
20240502,314250,KODEX 미국빅테크10(H),35450,-630,-1.75,35019.65,35510,35720,35250,74911,2650849715,513316000000,507784862771,14480000,NYSE U.S. Big TECH 10 INDEX,9816.49,105.04,1.08
20240502,473460,KODEX 미국서학개미,11135,-300,-2.62,11072.46,11150,11175,11090,3634,40418775,12248500000,12179709740,1100000,iSelect 서학개미 지수(PR),3012.20,16.09,0.54
20240502,390400,KODEX 미국스마트모빌리티S&P,5435,-30,-0.55,5399.76,5460,5465,5405,3519,19094320,8696000000,8639616596,1600000,S&P Kensho Smart Transportation,165.96,6.44,4.04
20240502,419420,KODEX 미국클린에너지나스닥,5980,-170,-2.76,5903.59,5985,6000,5940,8481,50746825,7774000000,7674672372,1300000,Nasdaq Clean Edge Green Energy Index (Price Return),433.94,12.20,2.89
20240502,266360,KODEX 미디어&엔터테인먼트,11435,65,0.57,11436.58,11360,11445,11350,21394,243938295,38879000000,38884360617,3400000,KRX 미디어&엔터테인먼트,1760.03,12.00,0.69
20240502,244580,KODEX 바이오,8060,-5,-0.06,8089.59,8050,8130,8045,188792,1525307490,141856000000,141082445022,17600000,FnGuide 바이오 지수,2740.99,1.02,0.04
20240502,091160,KODEX 반도체,40720,120,0.3,40690.2,39970,40740,39945,222086,8972672495,722780000000,718181969267,17750000,KRX 반도체,4227.25,8.15,0.19
20240502,325020,KODEX 배당가치,14020,-120,-0.85,14019.15,14055,14105,13985,36728,515271830,150014000000,147201028784,10700000,FnGuide SLV 배당가치 지수,1665.51,-13.51,-0.80
20240502,211900,KODEX 배당성장,14800,-95,-0.64,14798.6,14855,14855,14760,8428,124812955,21460000000,19978111320,1450000,코스피 배당성장 50,3696.86,-30.31,-0.81
20240502,237370,KODEX 배당성장채권혼합,12660,0,0.0,12651.1,12660,12680,12635,7425,93983680,22788000000,22771971913,1800000,배당성장채권혼합지수,1948.16,-3.78,-0.19
20240502,244670,KODEX 밸류Plus,8705,-20,-0.23,8705.74,8700,8710,8680,4092,35564355,8705000000,8705737728,1000000,FnGuide 벨류 Plus 지수,1717.59,-2.49,-0.14
20240502,140700,KODEX 보험,9040,-260,-2.8,9028.6,9210,9245,9000,87055,792679445,39776000000,38822978993,4400000,KRX 보험,1828.59,-53.53,-2.84
20240502,102780,KODEX 삼성그룹,9465,-65,-0.68,9463.84,9495,9550,9445,129324,1227636180,1261684500000,1258691049819,133300000,삼성그룹,9480.05,-52.19,-0.55
20240502,213610,KODEX 삼성그룹밸류,9090,-65,-0.71,9123.14,9135,9190,9090,32273,294610290,111807000000,112214595979,12300000,WISE 삼성그룹 밸류 인덱스,9099.37,-21.04,-0.23
20240502,448330,KODEX 삼성전자채권혼합Wise,11310,15,0.13,11308.3,11300,11330,11290,37401,423147970,46371000000,46364029607,4100000,Wise 삼성전자채권혼합 지수,1647.47,3.86,0.23
20240502,251350,KODEX 선진국MSCI World,26335,-405,-1.51,26179.46,26665,26665,26250,36640,965066250,329187500000,327243262956,12500000,MSCI World,3321.81,16.51,0.50
20240502,446690,KODEX 아시아AI반도체exChina액티브,18075,90,0.5,18099.28,17925,18080,17845,1661,29870995,9037500000,9049640551,500000,iSelect 아시아반도체 제조동맹 지수(시장가격),3889.11,-10.72,-0.27
20240502,117460,KODEX 에너지화학,14255,-170,-1.18,14249.7,14380,14420,14225,23841,340138030,19957000000,17954616229,1400000,KRX 에너지화학,2850.02,-32.04,-1.11
20240502,140710,KODEX 운송,4590,15,0.33,4593.72,4530,4605,4530,16969,77947945,13311000000,11484287550,2900000,KRX 운송,921.74,3.89,0.42
20240502,456250,KODEX 유럽명품TOP10 STOXX,9480,-145,-1.51,9490.7,9495,9525,9465,7593,72063995,17538000000,17557786124,1850000,STOXX Europe Luxury 10 Index(Price Return),3635.79,2.76,0.08
20240502,091170,KODEX 은행,7765,-210,-2.63,7770.77,7860,7870,7740,731422,5713271780,371555250000,371054472566,47850000,KRX 은행,791.81,-20.40,-2.51
20240502,453810,KODEX 인도Nifty50,12985,-65,-0.5,12952.48,13040,13040,12955,395384,5141950370,322677250000,321869102412,24850000,Nifty 50 Index,22648.20,43.35,0.19
20240502,453820,KODEX 인도Nifty50레버리지(합성),16045,-145,-0.9,15866.58,16185,16185,15970,8318,133269800,48937250000,48393069746,3050000,Nifty 50 Index,22648.20,43.35,0.19
20240502,114800,KODEX 인버스,4215,20,0.48,4218.86,4235,4235,4200,24218130,102058654165,561859500000,569124773951,133300000,코스피 200 선물지수,1826.19,-10.50,-0.57
20240502,101280,KODEX 일본TOPIX100,20675,-55,-0.27,20796.78,20730,20730,20535,12286,253436325,29772000000,29947359576,1440000,TOPIX100,1882.60,-8.60,-0.45
20240502,091180,KODEX 자동차,21450,0,0.0,21443.32,21270,21495,21225,251079,5362442670,653152500000,644371849462,30450000,KRX 자동차,2202.98,-6.09,-0.28
20240502,102970,KODEX 증권,6990,-145,-2.03,6984.08,7090,7090,6960,77867,545635065,43687500000,43301326126,6250000,KRX 증권,703.13,-15.07,-2.10
20240502,419430,KODEX 차이나2차전지MSCI(합성),5675,10,0.18,5652.63,5635,5675,5580,48278,273351740,39157500000,39003157448,6900000,MSCI China all shares IMI Select Batteries Index(Price Return),1403.10,9.68,0.69
20240502,169950,KODEX 차이나A50,18985,85,0.45,18847.47,18900,18985,18680,1269,24009600,22782000000,22616967563,1200000,FTSE China A50 Index,12513.37,0.00,0.00
20240502,283580,KODEX 차이나CSI300,11025,-25,-0.23,10965.25,11040,11055,10985,96920,1069229250,90405000000,89915013879,8200000,CSI 300 Index,3604.39,0.00,0.00
20240502,099140,KODEX 차이나H,16090,280,1.77,15804.96,15820,16205,15700,48663,777002840,55510500000,52946613496,3450000,Hang Seng China H,6437.09,146.47,2.33
20240502,204450,KODEX 차이나H레버리지(H),1688,73,4.52,1614.95,1600,1695,1590,1345802,2243259122,83049600000,78809515571,49200000,Hang Seng China H,6437.09,146.47,2.33
20240502,415340,KODEX 차이나과창판STAR50(합성),6060,-5,-0.08,6105.15,6065,6065,6000,723,4379035,15150000000,15262868310,2500000,STAR 50 Index(Price Return),767.46,0.00,0.00
20240502,428510,KODEX 차이나메타버스액티브,9910,80,0.81,9957.9,9890,9940,9890,328,3249480,4955000000,4978948871,500000,Bloomberg Greater China Media & Tech Index(Price Return),1571.21,32.15,2.09
20240502,256750,KODEX 차이나심천ChiNext(합성),8240,5,0.06,8195.23,8195,8245,8195,4610,37948935,23006080000,22881076726,2792000,SZSE ChiNext Price Index,1858.39,0.00,0.00
20240502,372330,KODEX 차이나항셍테크,5860,205,3.63,5625.6,5550,5875,5550,749616,4352708300,204221000000,191551791688,34850000,Hang Seng TECH Index,3865.48,157.67,4.25
20240502,117680,KODEX 철강,8750,-70,-0.79,8767.01,8820,8860,8750,12671,111340685,22050000000,22092857431,2520000,KRX 철강,1781.52,-9.18,-0.51
20240502,279540,KODEX 최소변동성,10835,-25,-0.23,10868.6,10810,10880,10810,499,5417130,6501000000,6521160397,600000,KRX 최소변동성지수,6469.53,4.49,0.07
20240502,229200,KODEX 코스닥150,14335,-60,-0.42,14338.4,14305,14420,14265,5845554,83649906075,832863500000,856002695807,58100000,코스닥 150,1434.32,-7.90,-0.55
20240502,233740,KODEX 코스닥150레버리지,11845,-90,-0.75,11862.75,11805,11990,11735,14534634,172496582005,1060127500000,1032059478756,89500000,코스닥 150,1434.32,-7.90,-0.55
20240502,360150,KODEX 코스닥150롱코스피200숏선물,10350,-20,-0.19,10336.06,10390,10395,10330,3168,32883235,8280000000,8268844437,800000,코스닥150 롱 100% 코스피200 숏 100% 선물지수,1214.03,-1.61,-0.13
20240502,251340,KODEX 코스닥150선물인버스,3410,20,0.59,3434.9,3410,3425,3385,25456953,86715164140,431706000000,439666624160,126600000,F-코스닥150 지수,1694.38,-12.28,-0.72
20240502,461450,KODEX 코스닥글로벌,11495,5,0.04,11503.06,11320,11495,11320,58,662330,11495000000,11503061787,1000000,코스닥 글로벌 지수,1479.67,0.40,0.03
20240502,226490,KODEX 코스피,27215,-150,-0.55,27273.94,27160,27355,27160,376282,10255933785,357877250000,355924956698,13150000,코스피,2683.65,-8.41,-0.31
20240502,237350,KODEX 코스피100,28130,-110,-0.39,28163.73,28125,28230,28115,3843,108245665,26723500000,26755545349,950000,코스피 100,2739.31,-7.58,-0.28
20240502,359210,KODEX 코스피TR,13300,-45,-0.34,13302.41,13295,13330,13275,1712,22790740,26600000000,26604817634,2000000,코스피 TR,3389.83,-10.42,-0.31
20240502,337140,KODEX 코스피대형주,12850,-60,-0.46,12868.32,12910,12910,12850,1335,17177805,14135000000,14155149630,1100000,코스피 대형주,2671.49,-8.64,-0.32
20240502,244660,KODEX 퀄리티Plus,8740,40,0.46,8735.34,8725,8740,8720,5668,49492015,4370000000,4367670465,500000,FnGuide 퀄리티 Plus 지수,2150.34,2.02,0.09
20240502,375770,KODEX 탄소효율그린뉴딜,9200,-45,-0.49,9208.44,9190,9215,9090,5716,52607265,28520000000,28546176814,3100000,KRX/S&P 탄소효율 그린뉴딜지수,1544.48,-3.11,-0.20
20240502,459560,KODEX 테슬라밸류체인FactSet,11665,-525,-4.31,11645.15,11445,11785,11445,4929,57455625,8748750000,8733865019,750000,FactSet TSLA Value Chain Index(PR),391.76,-6.00,-1.51
20240502,475080,KODEX 테슬라인컴프리미엄채권혼합액티브,9440,15,0.16,9454.09,9410,9465,9365,835259,7883310815,136880000000,138029641440,14500000,KEDI 테슬라 인컴 프리미엄 밸런스드 지수(TR),1434.18,-1.28,-0.09
20240502,266410,KODEX 필수소비재,6705,65,0.98,6725.01,6670,6745,6640,82987,556934175,10728000000,10760022728,1600000,KRX 필수소비재,1207.71,11.37,0.95
20240502,298770,KODEX 한국대만IT프리미어,22890,-170,-0.74,23045.43,23055,23055,22755,3760,85938450,54936000000,55309024627,2400000,한국 대만 IT 프리미어지수,3298.17,-21.64,-0.65
20240502,450190,KODEX 한중반도체(합성),12770,-60,-0.47,12813.15,12770,12770,12770,4,51080,7662000000,7687889777,600000,KRX CSI 한·중 반도체지수,3045.55,-5.77,-0.19
20240502,450180,KODEX 한중전기차(합성),8985,25,0.28,9044.79,9005,9005,8985,10,89900,6289500000,6331352171,700000,KRX CSI 한·중 전기차지수,3725.36,-8.63,-0.23
20240502,266420,KODEX 헬스케어,15235,-65,-0.42,15255.76,15270,15405,15220,78682,1205841940,79222000000,79329934744,5200000,KRX 헬스케어,3432.49,-24.28,-0.70
20240502,364690,KODEX 혁신기술테마액티브,13565,10,0.07,13561.84,13500,13565,13500,64,864740,8139000000,8137104158,600000,코스피,2683.65,-8.41,-0.31
20240502,102110,TIGER 200,36570,-90,-0.25,36636.02,36450,36675,36405,1041178,38104508330,2179572000000,2174348053962,59600000,코스피 200,364.31,-0.82,-0.22
20240502,139260,TIGER 200 IT,33720,-80,-0.24,33710.09,33460,33835,33305,18956,638619375,750607200000,749712374837,22260000,코스피 200 정보기술,3418.42,-5.23,-0.15
20240502,139220,TIGER 200 건설,3230,-30,-0.92,3226.84,3250,3260,3220,20574,66641145,17635800000,17489490494,5460000,코스피 200 건설,319.64,-4.68,-1.44
20240502,139290,TIGER 200 경기소비재,16985,-55,-0.32,17063.31,17040,17040,16945,117,1983965,6794000000,6825325665,400000,코스피 200 경기소비재,1709.96,-2.48,-0.14
20240502,139270,TIGER 200 금융,7630,-225,-2.86,7626.81,7755,7780,7605,19318,148168100,12971000000,12965581009,1700000,코스피 200 금융,773.15,-20.17,-2.54
20240502,227550,TIGER 200 산업재,6570,50,0.77,6568.02,6500,6580,6500,2129,13968055,4599000000,4597615197,700000,코스피 200 산업재,649.76,4.06,0.63
20240502,227560,TIGER 200 생활소비재,8455,105,1.26,8459.52,8395,8470,8380,7794,65777000,3551100000,3552996486,420000,코스피 200 생활소비재,864.35,8.72,1.02
20240502,139250,TIGER 200 에너지화학,12410,-120,-0.96,12406.45,12530,12530,12340,27086,336071540,19359600000,19354061815,1560000,코스피 200 에너지/화학,1229.99,-12.51,-1.01
20240502,139230,TIGER 200 중공업,4160,-55,-1.3,4168.47,4215,4245,4160,464042,1942517000,86112000000,85453596041,20700000,코스피 200 중공업,394.38,-5.44,-1.36
20240502,139240,TIGER 200 철강소재,8355,-15,-0.18,8362.28,8370,8460,8355,3587,30176525,9357600000,9365749142,1120000,코스피 200 철강/소재,833.88,-0.60,-0.07
20240502,227540,TIGER 200 헬스케어,18025,-25,-0.14,18046.53,18090,18145,17975,20484,369717370,42178500000,42228885460,2340000,코스피 200 헬스케어,1827.11,-5.41,-0.30
20240502,243880,TIGER 200IT레버리지,42300,55,0.13,42319.38,41985,42645,41825,3917,165172685,30667500000,30681551594,725000,코스피 200 정보기술,3418.42,-5.23,-0.15
20240502,310960,TIGER 200TR,20635,-60,-0.29,20683.32,20665,20695,20505,1882,38896945,20635000000,20683320154,1000000,코스피 200 TR,464.52,-1.00,-0.21
20240502,252000,TIGER 200동일가중,11575,40,0.35,11517.8,11575,11575,11575,1,11575,7523750000,7486569262,650000,코스피 200 동일가중지수,2228.16,-6.08,-0.27
20240502,267770,TIGER 200선물레버리지,14590,-105,-0.71,14582.66,14400,14675,14400,103706,1512479250,86081000000,84579447868,5900000,코스피 200 선물지수,1826.19,-10.50,-0.57
20240502,252710,TIGER 200선물인버스2X,2230,15,0.68,2233.42,2245,2250,2220,1921389,4281422990,84294000000,84646457050,37800000,코스피 200 선물지수,1826.19,-10.50,-0.57
20240502,243890,TIGER 200에너지화학레버리지,6405,-165,-2.51,6432.64,6595,6595,6350,10530,67661655,3202500000,3216317759,500000,코스피 200 에너지/화학,1229.99,-12.51,-1.01
20240502,315270,TIGER 200커뮤니케이션서비스,16905,15,0.09,16931.08,16885,16910,16885,54,913105,5409600000,5417946021,320000,코스피 200 커뮤니케이션서비스,1686.66,7.41,0.44
20240502,166400,TIGER 200커버드콜5%OTM,13330,-45,-0.34,13347.88,13310,13340,13310,1455,19379960,6665000000,6673937843,500000,코스피 200 커버드콜 5% OTM,363.59,-0.79,-0.22
20240502,289480,TIGER 200커버드콜ATM,8965,-45,-0.5,9011.51,8950,9005,8950,18610,167070240,26895000000,27034522147,3000000,코스피 200 커버드콜 ATM 지수,1255.21,-0.73,-0.06
20240502,364980,TIGER 2차전지TOP10,13275,10,0.08,13271.51,13240,13400,13150,448479,5964158175,368381250000,362312343955,27750000,KRX 2차전지 TOP 10 지수,4664.05,-10.11,-0.22
20240502,412570,TIGER 2차전지TOP10레버리지,3965,-5,-0.13,3972.07,3880,4035,3865,364739,1449340925,57492500000,61765617428,14500000,KRX 2차전지 TOP 10 지수,4664.05,-10.11,-0.22
20240502,462010,TIGER 2차전지소재Fn,7230,-55,-0.75,7222.21,7275,7310,7210,429714,3113484845,728061000000,720054809719,100700000,FnGuide 2차전지소재 (Price Return) 지수,2478.22,-27.34,-1.09
20240502,305540,TIGER 2차전지테마,23750,-130,-0.54,23748.11,23800,23990,23695,225347,5363810575,1316937500000,1301396177554,55450000,WISE 2차전지 테마 지수,8869.96,-68.71,-0.77
20240502,471760,TIGER AI반도체핵심공정,12780,10,0.08,12797.22,12540,12795,12510,963460,12205530125,138663000000,136290370711,10850000,iSelect AI반도체핵심공정지수,2638.80,7.18,0.27
20240502,365040,TIGER AI코리아그로스액티브,12855,-65,-0.5,12876.57,12950,12950,12855,2021,26050760,11569500000,11588913408,900000,코스피,2683.65,-8.41,-0.31
20240502,364960,TIGER BBIG,6185,15,0.24,6180.59,6160,6210,6130,124311,767854150,161428500000,161313467929,26100000,KRX BBIG 지수,1721.86,0.74,0.04
20240502,412560,TIGER BBIG레버리지,2175,45,2.11,2170.17,2105,2190,2105,3834,8310855,1848750000,1844645684,850000,KRX BBIG 지수,1721.86,0.74,0.04
20240502,400970,TIGER Fn메타버스,6640,40,0.61,6638.76,6600,6660,6590,78387,519689890,110556000000,110535414311,16650000,FnGuide 메타버스테마 지수,1392.66,8.46,0.61
20240502,396500,TIGER Fn반도체TOP10,12615,50,0.4,12591.26,12390,12620,12360,1349527,16922569295,822498000000,825986782118,65200000,FnGuide 반도체TOP10 지수,3243.44,7.78,0.24
20240502,377990,TIGER Fn신재생에너지,8750,10,0.11,8760.4,8740,8845,8640,10638,93549140,20125000000,20148923814,2300000,FnGuide 신재생에너지 지수,1666.46,-1.62,-0.10
20240502,417630,TIGER KEDI혁신기업ESG30,9885,-50,-0.5,9884.15,9910,9915,9880,5641,55786930,25701000000,25698799842,2600000,KEDI 혁신기업ESG30 지수(시장가격 지수),2454.04,-10.32,-0.42
20240502,292160,TIGER KRX300,17400,-140,-0.8,17393.75,17400,17415,17400,317,5520360,8700000000,8696876586,500000,KRX 300,1691.24,-4.91,-0.29
20240502,404540,TIGER KRX기후변화솔루션,12255,-80,-0.65,12255.03,12265,12315,12255,156,1914335,19608000000,19608041289,1600000,KRX 기후변화 솔루션지수,2328.79,-10.10,-0.43
20240502,228820,TIGER KTOP30,8770,0,0.0,8766.82,8805,8820,8670,104,911620,7454500000,7451799509,850000,KTOP 30,8787.61,-5.74,-0.07
20240502,300610,TIGER K게임,7185,0,0.0,7229.83,7230,7265,7185,20720,149828920,12573750000,12652204904,1750000,WISE K게임 테마 지수,589.12,2.53,0.43
20240502,138530,TIGER LG그룹+펀더멘털,7440,-70,-0.93,7447.29,7550,7550,7415,12132,90620850,12350400000,12362501999,1660000,MKF LG그룹+ FW,7458.88,-60.32,-0.80
20240502,445910,TIGER MKF배당귀족,12220,-40,-0.33,12222.45,12235,12270,12155,7263,88761290,14664000000,14666935638,1200000,MKF 배당귀족 지수(시장가격지수),1239.62,-1.99,-0.16
20240502,289260,TIGER MSCI KOREA ESG리더스,8975,-40,-0.44,8959.12,8925,8975,8925,15,134490,17770500000,17739063294,1980000,MSCI Korea Country ESG Leaders Capped Index,1299.17,-8.17,-0.62
20240502,289250,TIGER MSCI KOREA ESG유니버설,10710,-30,-0.28,10713.5,0,0,0,0,0,6426000000,6428101406,600000,MSCI Korea ESG Universal Index,1527.67,-5.85,-0.38
20240502,310970,TIGER MSCI Korea TR,15680,-65,-0.41,15663.52,15745,15745,15640,18047,283194630,1114848000000,1113676293654,71100000,MSCI Korea TR Index,1577.71,-5.35,-0.34
20240502,269370,TIGER S&P글로벌인프라(합성),12590,-75,-0.59,12597.19,12665,12665,12565,121,1526685,8183500000,8188173134,650000,S&P Global Infrastructure Index,2749.74,30.45,1.12
20240502,248270,TIGER S&P글로벌헬스케어(합성),22430,130,0.58,22381.12,22525,22615,22355,2502,56212570,35888000000,35809787079,1600000,S&P Global 1200 Health Care Index,5009.07,8.40,0.17
20240502,292150,TIGER TOP10,12285,40,0.33,12283.28,12180,12290,12165,44315,542576470,1180588500000,1180422820065,96100000,FnGuide TOP10 지수,4312.09,12.51,0.29
20240502,453950,TIGER TSMC밸류체인FACTSET,15190,-425,-2.72,15216.62,15790,15790,15165,22244,338610160,25063500000,25107418780,1650000,FactSet TSMC 파운드리 밸류체인 지수(시장가격지수),356.12,-8.85,-2.42
20240502,364990,TIGER 게임TOP10,5045,65,1.31,5049.47,5010,5090,5010,51783,261777775,18414250000,18430559312,3650000,KRX 게임 TOP 10 지수,620.46,7.70,1.26
20240502,139280,TIGER 경기방어,9215,0,0.0,9218.53,9205,9260,9170,6547,60325470,62109100000,62132899509,6740000,코스피 200 경기방어소비재,920.84,0.43,0.05
20240502,237440,TIGER 경기방어채권혼합,9130,0,0.0,9151.76,9130,9130,9110,801,7303930,7304000000,7321409316,800000,경기방어소비재 채권혼합 지수,1409.65,0.91,0.06
20240502,275980,TIGER 글로벌4차산업혁신기술(합성 H),16035,-135,-0.83,15903.39,16040,16045,15880,5067,80761670,128280000000,127227154407,8000000,MorningStar Exponential Technologies Index(PR),2672.23,26.57,1.00
20240502,464310,TIGER 글로벌AI&로보틱스 INDXX,11850,-100,-0.84,11794.75,11930,11930,11770,87560,1033966835,75247500000,74306937456,6350000,Indxx Global Robotics & Artificial Intelligence Thematic Index(Net Total Return),4781.37,62.36,1.32
20240502,466950,TIGER 글로벌AI액티브,13020,-340,-2.54,12885.95,13100,13100,12985,56584,736931870,110800200000,109659457296,8510000,Indxx Artificial Intelligence and Big Data 지수(Net Total Return),4912.41,73.86,1.53
20240502,387270,TIGER 글로벌BBIG액티브,13805,-340,-2.4,13711.96,13815,13870,13775,2512,34688315,24572900000,24407280336,1780000,NASDAQ 100,17541.54,100.85,0.58
20240502,394670,TIGER 글로벌리튬&2차전지SOLACTIVE(합성),6845,5,0.07,6789.88,6840,6870,6785,120143,821641335,311036800000,307717407519,45440000,Solactive Global Lithium 지수(Net Total Return),187.62,3.10,1.68
20240502,440340,TIGER 글로벌멀티에셋TIF액티브,10455,-90,-0.85,10422.94,10550,10995,10425,6918,72483865,28228500000,28141932523,2700000,INDXX 멀티에셋인컴 지수(시장가격 지수),1056.44,4.84,0.46
20240502,412770,TIGER 글로벌메타버스액티브,9200,-100,-1.08,9106.93,8950,9215,8950,11286,103318030,126500000000,124036387941,13750000,Indxx Global Metaverse Index (Price Return),2781.70,35.35,1.29
20240502,476690,TIGER 글로벌비만치료제TOP2Plus,10550,220,2.13,10563.11,10390,10870,10390,232869,2455111985,50640000000,50702904915,4800000,Indxx Global Obesity Treatment Top 2 Plus 지수 (시장가격),2687.19,-32.20,-1.18
20240502,418670,TIGER 글로벌사이버보안INDXX,12000,-110,-0.91,11966.05,12160,12160,12000,1099,13280660,15360000000,15316547926,1280000,Indxx Cybersecurity 지수 (총수익),1981.27,37.68,1.94
20240502,480310,TIGER 글로벌온디바이스AI,9130,-210,-2.25,8998.5,9115,9145,9095,563073,5133295310,20542500000,20246621031,2250000,Mirae Asset Global On-Device AI 지수 (시장가격),3655.23,53.20,1.48
20240502,276000,TIGER 글로벌자원생산기업(합성 H),15405,-360,-2.28,15367.69,15765,15765,15360,6338,97644905,13094250000,13062532692,850000,MorningStar Global Upstream Resources Index(PR),4219.58,-14.59,-0.34
20240502,394660,TIGER 글로벌자율주행&전기차SOLACTIVE,10765,-150,-1.37,10738.6,10915,10915,10730,24675,266504080,323380600000,322587541958,30040000,Solactive Autonomous & Electric Vehicles 지수(Net Total Return),1672.96,26.82,1.63
20240502,371450,TIGER 글로벌클라우드컴퓨팅INDXX,10065,-185,-1.8,10133.09,10050,10240,9925,105903,1067453180,42675600000,42558980306,4240000,Indxx Global Cloud Computing Index(Net Total Return),5271.52,-0.43,-0.01
20240502,464930,TIGER 글로벌혁신블루칩TOP10,12505,-35,-0.28,12354.21,12515,12525,12200,40746,506634945,119422750000,117982747797,9550000,Mirae Asset Global Innovative Bluechip Top 10 Index(NTR),4793.91,37.36,0.79
20240502,105010,TIGER 라틴35,4645,-80,-1.69,4626.07,4645,4655,4610,4495,20820500,5574000000,5551282574,1200000,BNY Latin America 35 ADR,2500.57,39.31,1.60
20240502,123320,TIGER 레버리지,18700,-105,-0.56,18703.46,18500,18800,18500,30948,578419260,43010000000,43017961987,2300000,코스피 200,364.31,-0.82,-0.22
20240502,174350,TIGER 로우볼,12345,-10,-0.08,12333.74,12350,12390,12315,14502,181425110,9135300000,9126965473,740000,FnGuide Low Vol 지수,12720.15,-51.07,-0.40
20240502,341850,TIGER 리츠부동산인프라채권TR KIS,4745,0,0.0,4746.24,4745,4745,4715,3354,15871395,21352500000,20646150674,4500000,KIS 리츠부동산인프라채권TR 지수,37328.40,24.81,0.07
20240502,147970,TIGER 모멘텀,27080,-35,-0.13,27066.6,27115,27260,27015,5402,146340120,3791200000,3789323892,140000,FnGuide 모멘텀 지수,27355.51,-53.92,-0.20
20240502,360750,TIGER 미국S&P500,17290,-300,-1.71,17199.04,17305,17365,17270,2179489,37736126235,3151102500000,3137104226306,182250000,S&P 500,5064.20,28.51,0.57
20240502,448290,TIGER 미국S&P500TR(H),12235,-160,-1.29,12168.1,12230,12240,12205,79951,977604885,209218500000,208074459100,17100000,S&P 500 Total Return Index,11013.91,62.25,0.57
20240502,225040,TIGER 미국S&P500레버리지(합성 H),35055,-975,-2.71,34697.02,34980,35085,34940,14243,498585705,56088000000,55515237391,1600000,S&P 500,5064.20,28.51,0.57
20240502,429000,TIGER 미국S&P500배당귀족,11420,-55,-0.48,11363.42,11445,11475,11410,32296,369541445,52532000000,52271750247,4600000,S&P 500 Dividend Aristocrats 지수 (Price Return),1726.75,10.60,0.62
20240502,143850,TIGER 미국S&P500선물(H),55980,-785,-1.38,55726.48,55940,56015,55900,53249,2979427220,180535500000,182504221808,3225000,S&P 500 Futures Index(ER),441.35,2.12,0.48
20240502,225030,TIGER 미국S&P500선물인버스(H),3340,50,1.52,3356.92,3335,3345,3335,232785,777249835,7348000000,7385230139,2200000,S&P 500 Futures Total Return Index,759.46,3.88,0.51
20240502,133690,TIGER 미국나스닥100,106900,-2520,-2.3,106168.39,107020,107340,106790,204152,21853136825,3047719000000,3023675854339,28510000,NASDAQ 100,17541.54,100.85,0.58
20240502,448300,TIGER 미국나스닥100TR(H),14260,-275,-1.89,14154.41,14260,14265,14230,93858,1337394095,136183000000,129512824938,9550000,NASDAQ-100 Total Return Index,21066.70,121.12,0.58
20240502,435420,TIGER 미국나스닥100TR채권혼합Fn,11690,-55,-0.47,11644.38,11695,11700,11660,74013,864865960,68971000000,69866297177,5900000,FnGuide 나스닥100 채권혼합 지수(총수익 지수),1643.80,-14.40,-0.87
20240502,418660,TIGER 미국나스닥100레버리지(합성),16840,-800,-4.54,16584.93,16875,16960,16795,89649,1513265375,58098000000,57218001936,3450000,NASDAQ 100,17541.54,100.85,0.58
20240502,441680,TIGER 미국나스닥100커버드콜(합성),10360,-40,-0.38,10331.52,10390,10390,10330,346628,3587698630,355866000000,360053572674,34350000,Cboe Nasdaq-100 BuyWrite V2 지수 (Total Return),954.33,5.33,0.56
20240502,429010,TIGER 미국나스닥넥스트100,12030,-240,-1.96,11956.78,12165,12165,12005,23,277140,9624000000,9565420523,800000,Nasdaq Next Generation 100 지수 (Price Return),1098.33,3.77,0.34
20240502,203780,TIGER 미국나스닥바이오,21395,125,0.59,21520.02,21480,21600,21395,21568,463654730,45357400000,45622441553,2120000,NASDAQ Biotechnology 지수(시장가격지수),4306.55,144.22,3.46
20240502,245340,TIGER 미국다우존스30,25825,-275,-1.05,25724.19,26100,26100,25780,19798,512304915,92970000000,92607080317,3600000,Dow Jones Industrial Average,38225.66,409.74,1.08
20240502,458750,TIGER 미국배당+3%프리미엄다우존스,10810,-120,-1.1,10776.22,10800,10860,10800,74060,801907140,53509500000,53342297223,4950000,DowJones U.S. Dividend 100 3% Premium Covered Call 지수 (TR),588.09,1.64,0.28
20240502,458760,TIGER 미국배당+7%프리미엄다우존스,10280,-80,-0.77,10240.01,10325,10330,10280,837671,8625331715,611146000000,619008597145,59450000,DowJones U.S. Dividend 100 7% Premium Covered Call 지수 (TR),488.60,1.18,0.24
20240502,458730,TIGER 미국배당다우존스,11340,-120,-1.05,11285.21,11415,11430,11320,1231480,13983352080,805707000000,832284457187,71050000,Dow Jones U.S. Dividend 100 Price Return Index,5448.04,16.52,0.30
20240502,465670,TIGER 미국캐시카우100,11495,-380,-3.2,11431.39,11505,11545,11480,16835,193669750,17242500000,17147086036,1500000,Global X U.S. Cash Flow Kings 100 Index(TR),2635.30,-7.99,-0.30
20240502,381170,TIGER 미국테크TOP10 INDXX,17660,-340,-1.89,17458.64,17630,17685,17510,1132162,19979417410,2045028000000,2017345613012,115800000,Indxx US Tech Top 10 Index,5503.80,87.91,1.62
20240502,472160,TIGER 미국테크TOP10 INDXX(H),11460,-160,-1.38,11301.11,11380,11460,11315,118459,1354308870,82512000000,82498102230,7200000,Indxx US Tech Top 10 Index,5503.80,87.91,1.62
20240502,474220,TIGER 미국테크TOP10+10%프리미엄,11070,-160,-1.42,10932.5,11025,11070,10995,803265,8874698585,252396000000,249260971884,22800000,Bloomberg U.S. Tech Top10+10% Premium Covered Call Index,5254.16,73.85,1.43
20240502,472170,TIGER 미국테크TOP10채권혼합,10930,-55,-0.5,10840.35,10785,10965,10785,38255,417219110,48638500000,48781581905,4450000,FnGuide 미국테크TOP10 채권혼합지수,2080.06,-24.94,-1.18
20240502,381180,TIGER 미국필라델피아반도체나스닥,16640,-770,-4.42,16437.11,16665,16700,16590,3345170,55673053030,2246400000000,2216544126839,135000000,PHLX Semiconductor Sector Index,4605.35,-67.96,-1.45
20240502,423920,TIGER 미국필라델피아반도체레버리지(합성),20850,-2145,-9.33,20351.42,21200,21200,20795,473536,9908291790,189735000000,185197948854,9100000,PHLX Semiconductor Sector Index,4605.35,-67.96,-1.45
20240502,228810,TIGER 미디어컨텐츠,5415,45,0.84,5422.6,5360,5450,5355,239624,1293831340,78950700000,79224244565,14580000,WISE 미디어컨텐츠 지수,2754.52,30.75,1.13
20240502,364970,TIGER 바이오TOP10,6510,-50,-0.76,6515.55,6535,6585,6510,166722,1091433725,119133000000,119234635234,18300000,KRX 바이오 TOP 10 지수,1990.72,-10.63,-0.53
20240502,091230,TIGER 반도체,42400,300,0.71,42154.55,41490,42400,41485,163649,6892295225,254400000000,251241114688,6000000,KRX 반도체,4227.25,8.15,0.19
20240502,098560,TIGER 방송통신,6860,-20,-0.29,6857.4,6910,6910,6850,2704,18585460,3430000000,3428700439,500000,KRX 방송통신,629.44,-1.24,-0.20
20240502,211560,TIGER 배당성장,18500,-150,-0.8,18491.0,18665,18665,18450,2401,44464610,19425000000,19415547868,1050000,코스피 배당성장 50,3696.86,-30.31,-0.81
20240502,472150,TIGER 배당프리미엄액티브,10945,-35,-0.32,10968.34,10965,10980,10930,25603,280481460,117111500000,117361234543,10700000,코스피 200 커버드콜 5% OTM,363.59,-0.79,-0.22
20240502,138520,TIGER 삼성그룹펀더멘털,12540,-150,-1.18,12551.64,12710,12710,12535,4408,55678005,25080000000,25103272146,2000000,MKF SAMs FW,15651.98,-263.11,-1.65
20240502,157490,TIGER 소프트웨어,8255,5,0.06,8261.16,8225,8280,8205,55234,454773120,101041200000,101116555916,12240000,FnGuide 소프트웨어 지수,4245.43,7.35,0.17
20240502,463250,TIGER 스페이스테크iSelect,12265,345,2.89,12279.15,11925,12300,11900,70530,858612890,17784250000,17804769755,1450000,iSelect K방산&우주,1852.54,51.15,2.84
20240502,228800,TIGER 여행레저,3530,25,0.71,3531.1,3505,3540,3495,259881,915029370,125173800000,125212920730,35460000,WISE 여행레저 지수,1738.46,11.71,0.68
20240502,227570,TIGER 우량가치,11735,45,0.38,11650.39,11710,11735,11615,5370,62626835,7393050000,7339748479,630000,FnGuide 퀄리티밸류 지수,23534.26,-159.29,-0.67
20240502,261140,TIGER 우선주,12420,-120,-0.96,12430.1,12575,12575,12355,1152969,14318223970,28069200000,28092032998,2260000,코스피 우선주 지수,3146.65,-25.34,-0.80
20240502,195930,TIGER 유로스탁스50(합성 H),17465,-225,-1.27,17571.8,17650,17650,17395,12682,222074540,41916000000,42172321275,2400000,EURO STOXX 50 Index,4890.61,-30.61,-0.62
20240502,225050,TIGER 유로스탁스레버리지(합성 H),11660,-340,-2.83,11648.78,12035,12035,11520,1026,11924245,9328000000,9319027869,800000,EURO STOXX 50 Index,4890.61,-30.61,-0.62
20240502,245350,TIGER 유로스탁스배당30,12115,-50,-0.41,12165.71,12165,12165,11900,2647,32068385,14538000000,14598846152,1200000,Euro STOXX Select Dividend 30,1666.13,4.68,0.28
20240502,091220,TIGER 은행,8050,-225,-2.72,8051.9,8235,8235,8025,31969,259120690,11753000000,11755779682,1460000,KRX 은행,791.81,-20.40,-2.51
20240502,466940,TIGER 은행고배당플러스TOP10,12600,-345,-2.67,12620.91,12785,12830,12575,256426,3252463115,281610000000,282077241784,22350000,FnGuide 은행고배당플러스TOP10 지수(시장가격 지수),1131.24,-28.91,-2.49
20240502,307510,TIGER 의료기기,14715,50,0.34,14741.37,14665,14895,14665,1424,20991765,7357500000,7370686568,500000,FnGuide 의료기기 지수,1519.88,1.43,0.09
20240502,225060,TIGER 이머징마켓MSCI레버리지(합성 H),7540,5,0.07,7515.49,7535,7540,7395,1112,8356700,8294000000,8267038272,1100000,MSCI EM Index,1052.86,6.92,0.66
20240502,453870,TIGER 인도니프티50,12685,-25,-0.2,12641.71,12700,12720,12645,241744,3065415490,324736000000,323627828465,25600000,Nifty 50 Index,22648.20,43.35,0.19
20240502,236350,TIGER 인도니프티50레버리지(합성),39800,-390,-0.97,39568.26,39885,39940,39515,3887,154745320,60496000000,60143750039,1520000,Nifty 50 Index,22648.20,43.35,0.19
20240502,123310,TIGER 인버스,4730,20,0.42,4725.95,4760,4760,4710,81927,387036050,36894000000,36389845776,7800000,코스피 200 선물지수,1826.19,-10.50,-0.57
20240502,365000,TIGER 인터넷TOP10,3780,-25,-0.66,3783.92,3770,3800,3760,52346,197405960,42903000000,42758301648,11350000,KRX 인터넷 TOP 10 지수,944.20,-8.75,-0.92
20240502,195920,TIGER 일본TOPIX(합성 H),23205,-105,-0.45,23288.52,23365,23365,23010,1883,43604625,12066600000,12110032638,520000,TOPIX,2728.53,-14.64,-0.53
20240502,241180,TIGER 일본니케이225,20495,-45,-0.22,20500.03,20170,20520,20170,34809,711390985,241841000000,242720396843,11800000,Nikkei 225,38236.07,-169.59,-0.44
20240502,465660,TIGER 일본반도체FACTSET,14470,275,1.94,14460.94,14175,14490,14155,124110,1784575600,49198000000,49890227516,3400000,FactSet Japan Semiconductor Index(PR),4599.77,72.68,1.61
20240502,150460,TIGER 중국소비테마,6410,20,0.31,6463.47,6390,6510,6385,73674,474301550,124225800000,132630304227,19380000,FnGuide 중국내수테마 지수,3256.02,8.10,0.25
20240502,157500,TIGER 증권,4935,-70,-1.4,4931.08,4975,4975,4915,7205,35737045,6711600000,6706264332,1360000,FnGuide 증권 지수,2429.32,-42.59,-1.72
20240502,307520,TIGER 지주회사,10320,-135,-1.29,10355.02,10445,10490,10320,9400,97366500,6192000000,6213014509,600000,FnGuide 지주회사 지수,1514.08,-19.64,-1.28
20240502,192090,TIGER 차이나CSI300,9140,95,1.05,8983.09,9045,9195,8980,250496,2267009505,214333000000,208856951442,23450000,CSI 300 Index,3604.39,0.00,0.00
20240502,204480,TIGER 차이나CSI300레버리지(합성),15640,10,0.06,15730.62,15600,15780,15420,135130,2123697175,96029600000,96585992794,6140000,CSI 300 Index,3604.39,0.00,0.00
20240502,217780,TIGER 차이나CSI300인버스(합성),8620,35,0.41,8655.86,8630,8635,8550,1135,9740840,15516000000,15580554000,1800000,CSI 300 Index,3604.39,0.00,0.00
20240502,245360,TIGER 차이나HSCEI,9400,160,1.73,9166.93,9285,9515,9170,30246,282774710,52640000000,49959762160,5600000,Hang Seng China H,6437.09,146.47,2.33
20240502,414780,TIGER 차이나과창판STAR50(합성),5920,30,0.51,5956.86,5890,5945,5835,24765,145690990,113368000000,114073891372,19150000,STAR 50 Index(Price Return),767.46,0.00,0.00
20240502,371470,TIGER 차이나바이오테크SOLACTIVE,5700,140,2.52,5581.29,5595,5740,5540,31784,180227235,37164000000,36166758588,6520000,Solactive China Biotech Index(Net Total Return),1310.09,25.43,1.98
20240502,396520,TIGER 차이나반도체FACTSET,5360,45,0.85,5316.42,5395,5440,5235,25671,137938755,17580800000,17437852877,3280000,FactSet China Semiconductor 지수(Net Total Return),133.58,0.16,0.12
20240502,371460,TIGER 차이나전기차SOLACTIVE,8145,30,0.37,8105.17,8105,8195,8035,1342026,10918855280,2068830000000,2043475917054,254000000,Solactive China Electric Vehicle and Battery Index(Net Total Return),1858.46,0.00,0.00
20240502,456680,TIGER 차이나전기차레버리지(합성),4975,-25,-0.5,5032.55,4990,5005,4895,91506,453474960,41790000000,42273403729,8400000,Solactive China Electric Vehicle and Battery Index(Net Total Return),1858.46,0.00,0.00
20240502,396510,TIGER 차이나클린에너지SOLACTIVE,5770,15,0.26,5816.73,5835,5835,5690,6214,35908830,20310400000,20242225683,3520000,Solactive China Clean Energy 지수(Net Total Return),1682.75,-1.40,-0.08
20240502,117690,TIGER 차이나항셍25,14550,190,1.32,14350.08,14135,14575,14135,2881,41607635,6547500000,6457534971,450000,Hang Seng China (Hong Kong-listed) 30 Index,6680.66,167.62,2.57
20240502,371160,TIGER 차이나항셍테크,5870,205,3.62,5632.83,5645,5885,5590,2002288,11594327910,627209500000,586377700546,106850000,Hang Seng TECH Index,3865.48,157.67,4.25
20240502,438320,TIGER 차이나항셍테크레버리지(합성 H),5785,400,7.43,5357.45,5375,5830,5150,897696,5094555580,38007450000,35198432600,6570000,Hang Seng TECH Index,3865.48,157.67,4.25
20240502,471780,TIGER 코리아테크액티브,10995,10,0.09,11010.07,11310,11310,10970,119,1307530,12314400000,12331283377,1120000,KRX 정보기술,1718.07,2.20,0.13
20240502,232080,TIGER 코스닥150,14750,-70,-0.47,14750.71,14780,14835,14680,127373,1880061105,102365000000,103254942448,6940000,코스닥 150,1434.32,-7.90,-0.55
20240502,233160,TIGER 코스닥150 레버리지,13215,-100,-0.75,13153.87,13215,13390,13110,119820,1588824590,52860000000,52615494830,4000000,코스닥 150,1434.32,-7.90,-0.55
20240502,261060,TIGER 코스닥150IT,16855,95,0.57,16931.24,16665,16855,16665,18,301075,8764600000,7111119740,520000,코스닥 150 정보기술,852.57,6.17,0.73
20240502,261070,TIGER 코스닥150바이오테크,11500,-50,-0.43,11511.49,11605,11690,11475,48754,563980515,29210000000,29239188783,2540000,코스닥 150 헬스케어,3882.91,-31.77,-0.81
20240502,250780,TIGER 코스닥150선물인버스,3480,15,0.43,3486.81,3485,3490,3455,1181817,4102978970,16704000000,16387992229,4800000,F-코스닥150 지수,1694.38,-12.28,-0.72
20240502,461580,TIGER 코스닥글로벌,11640,-15,-0.13,11726.18,11640,11655,11625,155,1803170,10476000000,10553566350,900000,코스닥 글로벌 지수,1479.67,0.40,0.03
20240502,277630,TIGER 코스피,27735,-95,-0.34,27750.25,27700,27810,27625,1270,35229540,101232750000,101288396112,3650000,코스피,2683.65,-8.41,-0.31
20240502,210780,TIGER 코스피고배당,14350,-115,-0.8,14348.49,14420,14465,14325,9291,133580780,27552000000,27549092100,1920000,코스피 고배당 50,2879.01,-27.36,-0.94
20240502,277640,TIGER 코스피대형주,13360,-45,-0.34,13365.37,13395,13395,13360,94,1258445,6012000000,6014414868,450000,코스피 대형주,2671.49,-8.64,-0.32
20240502,277650,TIGER 코스피중형주,14945,-35,-0.23,14926.65,14915,14950,14915,13,194100,5978000000,5970661768,400000,코스피 중형주,2957.76,-9.24,-0.31
20240502,376410,TIGER 탄소효율그린뉴딜,9190,0,0.0,9182.23,9200,9200,9160,660,6055965,16542000000,16528007150,1800000,KRX/S&P 탄소효율 그린뉴딜지수,1544.48,-3.11,-0.20
20240502,447770,TIGER 테슬라채권혼합Fn,10535,-170,-1.59,10488.27,10385,10535,10385,141689,1489508290,118518750000,119041918336,11250000,FnGuide 테슬라채권혼합 지수,2597.95,-59.49,-2.24
20240502,387280,TIGER 퓨처모빌리티액티브,9405,60,0.64,9371.51,9345,9425,9345,21055,197382980,22195800000,22116757720,2360000,FnGuide 퓨처모빌리티 지수,2425.67,-4.95,-0.20
20240502,449690,TIGER 한중반도체(합성),12640,-30,-0.24,12656.4,0,0,0,0,0,10744000000,10757937879,850000,KRX CSI 한·중 반도체지수,3045.55,-5.77,-0.19
20240502,449680,TIGER 한중전기차(합성),8775,-55,-0.62,8825.56,8815,8815,8775,10,87880,8336250000,8384281153,950000,KRX CSI 한·중 전기차지수,3725.36,-8.63,-0.23
20240502,143860,TIGER 헬스케어,33865,-295,-0.86,33889.19,34065,34225,33815,53956,1836996950,277015700000,277891371623,8180000,KRX 헬스케어,3432.49,-24.28,-0.70
20240502,138540,TIGER 현대차그룹+펀더멘털,28085,-70,-0.25,28066.12,28075,28155,27875,28334,793845345,85940100000,85882332118,3060000,MKF 현대차그룹+ FW,34983.87,-397.16,-1.12
20240502,228790,TIGER 화장품,2820,-10,-0.35,2826.4,2860,2900,2780,6782749,19235291345,146188800000,140924058158,51840000,WISE 화장품 지수,2853.46,3.11,0.11
