ID,종목코드,구성종목명,주식수,평가금액,시가총액,시가총액기준구성비중
146,282330,BGF리테일,12.00,1425600,,
146,138930,BNK금융지주,404.00,4730840,,
146,001040,CJ,21.00,3292800,,
146,000120,CJ대한통운,17.00,1487500,,
146,097950,CJ제일제당,12.00,2958000,,
146,005830,DB손해보험,68.00,7595600,,
146,000210,DL,17.00,792200,,
146,375500,DL이앤씨,45.00,2272500,,
146,383220,F&F,21.00,1633800,,
146,114090,GKL,47.00,698890,,
355,373220,LG에너지솔루션,10.00,2925000,,
355,001120,LX인터내셔널,131.00,3785900,,
355,005490,POSCO홀딩스,216.00,57564000,,
355,028050,삼성E&A,175.00,4060000,,
355,022100,포스코DX,1438.00,32426900,,
355,058430,포스코스틸리온,74.00,2945200,,
355,009520,포스코엠텍,585.00,6715800,,
355,047050,포스코인터내셔널,1182.00,60754800,,
355,003670,포스코퓨처엠,478.00,59272000,,
355,004020,현대제철,112.00,3460800,,
329,373220,LG에너지솔루션,92.00,26910000,,
329,066970,엘앤에프,134.00,6807200,,
329,US0079031078,ADVANCED MICRO DEVICES,163.00,,,
329,US0126531013,ALBEMARLE CORP,68.00,,,
329,US0420682058,ARM HOLDINGS PLC-ADR,113.00,,,
329,CNE100003662,CONTEMPORARY AMPEREX TECHN-A,528.00,,,
329,US25460G2865,DIREXION DAILY TSLA BULL 2X,9271.00,,,
329,US2938288774,ERSHARES PRIVATE-PUBLIC CROS,97.00,,,
329,JP3802400006,FANUC CORP,272.00,,,
329,CNE100000SF6,GANFENG LITHIUM GROUP CO L-A,1281.00,,,
188,373220,LG에너지솔루션,92.00,26910000,,
188,066970,엘앤에프,134.00,6807200,,
188,US0079031078,ADVANCED MICRO DEVICES,163.00,,,
188,US0126531013,ALBEMARLE CORP,68.00,,,
188,US0420682058,ARM HOLDINGS PLC-ADR,113.00,,,
188,CNE100003662,CONTEMPORARY AMPEREX TECHN-A,528.00,,,
188,US25460G2865,DIREXION DAILY TSLA BULL 2X,9271.00,,,
188,US2938288774,ERSHARES PRIVATE-PUBLIC CROS,97.00,,,
188,JP3802400006,FANUC CORP,272.00,,,
188,CNE100000SF6,GANFENG LITHIUM GROUP CO L-A,1281.00,,,
215,035760,CJ ENM,116.00,8990000,,
215,195940,HK이노엔,147.00,6894300,,
215,028300,HLB,1180.00,62776000,,
215,115450,HLB테라퓨틱스,757.00,6298240,,
215,403870,HPSP,477.00,13212900,,
215,095340,ISC,104.00,5896800,,
215,035900,JYP Ent.,272.00,21243200,,
215,035600,KG이니시스,157.00,1631230,,
215,417200,LS머트리얼즈,386.00,4292320,,
215,060250,NHN KCP,221.00,2026570,,
409,282330,BGF리테일,7.00,831600,,
409,005830,DB손해보험,42.00,4691400,,
409,000990,DB하이텍,30.00,1375500,,
409,383220,F&F,13.00,1011400,,
409,042670,HD현대인프라코어,123.00,1309950,,
409,267260,HD현대일렉트릭,20.00,8370000,,
409,011200,HMM,323.00,7267500,,
409,403870,HPSP,45.00,1246500,,
409,298050,HS효성첨단소재,2.00,399600,,
409,001060,JW중외제약,12.00,284400,,
235,BMG0171K1018,ALIBABA HEALTH INFO,8892.00,,,
235,KYG0535Q1331,ASM PACIFIC TECHNOLOGY,461.00,,,
235,KYG017191142,Alibaba group holding ltd,3059.00,,,
235,KYG070341048,BIDU,1752.00,,,
235,KYG1098A1013,BILIBILI,403.00,,,
235,CNE100000296,BYD,2571.00,,,
235,HK0285041858,BYD ELECTRONIC INTL CO LTD,1098.00,,,
235,CNE1000048K8,HAIER SMART HOME CO LTD-H,3342.00,,,
235,HK0000218211,HUA HONG SEMI,1018.00,,,
235,KYG4602S1057,Horizon Robotics Inc,1639.00,,,
95,168580,ACE 중국본토CSI300,2150.00,57727500,,
95,HK0000123577,CHINAAMC CSI 300 IDX ETF-HKD,500.00,3824179,,
95,HK0000629656,CSOP CSI300 IDX 2X ETF,3500.00,2163122,,
95,SWAP00000004,스왑(NH투자증권),,2019945,,
95,SWAP00000011,스왑(키움증권),,684300,,
75,168580,ACE 중국본토CSI300,2150.00,57727500,,
75,HK0000123577,CHINAAMC CSI 300 IDX ETF-HKD,500.00,3824179,,
75,HK0000629656,CSOP CSI300 IDX 2X ETF,3500.00,2163122,,
75,SWAP00000004,스왑(NH투자증권),,2019945,,
75,SWAP00000011,스왑(키움증권),,684300,,
278,CNE100004ZD8,ACM RESEARCH SHANGHAI I-A,232.00,,,
278,CNE100003MM9,ADVANCED MICRO-FABRICATION-A,1151.00,,,
278,CNE100003LZ3,AMLOGIC SHANGHAI INC-A,885.00,,,
278,CNE100004C45,APT MEDICAL INC-A,154.00,,,
278,CNE100005QG7,AVIC CHENGDU UAS CO LTD-A,535.00,,,
278,CNE100006L67,BAIMTEC MATERIAL CO LTD-A,357.00,,,
278,CNE100003PM2,BEIJING KINGSOFT OFFICE SO-A,611.00,,,
278,CNE100003R80,BEIJING ROBOROCK TECHNOLOG-A,390.00,,,
278,CNE100005VN3,BIWIN STORAGE TECHNOLOGY C-A,797.00,,,
278,CNE100003NL9,BLOOMAGE BIOTECHNOLOGY COR-A,509.00,,,
306,138930,BNK금융지주,467.00,5468570,,
306,005830,DB손해보험,275.00,30717500,,
306,001940,KISCO홀딩스,276.00,7410600,,
306,044450,KSS해운,2872.00,28892320,,
306,034310,NICE,1141.00,14262500,,
306,030190,NICE평가정보,812.00,11692800,,
306,018670,SK가스,198.00,42570000,,
306,064960,SNT모티브,297.00,8731800,,
306,036530,SNT홀딩스,236.00,12980000,,
306,035250,강원랜드,399.00,6870780,,
8,365780,ACE 국고채10년,3.00,272895,,
8,360200,ACE 미국S&P500,4773.00,99254535,,
8,356540,ACE 종합채권(AA-이상)KIS액티브,2.00,216610,,
8,US78464A4094,SPDR Portfolio S&P 500 Growth ETF,1130.00,,,
8,US78462F1030,SPDR S&P500 ETF,30.00,,,
8,US8085244098,Schwab U.S. Large-Cap Value ETF,477.00,,,
8,US9219438580,Vanguard FTSE Developed Markets ETF,204.00,,,
8,US9220428588,Vanguard FTSE Emerging Markets ETF,435.00,,,
8,US9229087369,Vanguard Growth ETF,61.00,,,
8,US9229087443,Vanguard Value ETF,293.00,,,
354,JP3122400009,ADVANTEST CORP,509.00,,,
354,JP3242800005,CANON INC,943.00,,,
354,JP3548600000,Disco Corp,104.00,,,
354,JP3820000002,FUJI ELECTRIC CO LTD,720.00,,,
354,JP3818000006,FUJITSU,1594.00,,,
354,JP3771800004,Hamamatsu Photonics KK,2813.00,,,
354,JP3837800006,Hoya Corp,264.00,,,
354,JP3293330001,Kokusai Electric Corp,1416.00,,,
354,JP3979200007,Lasertec Corp,325.00,,,
354,JP3902400005,MITSUBISHI ELECTRIC,2067.00,,,
87,SWAP00000005,스왑(미래에셋증권),,231135621,,
82,JP3027630007,NEXT FUNDS TOPIX ETF,23600.00,,,
82,JP3039100007,NIKKO ETF - TOPIX,17600.00,,,
82,JP3047440007,SIMPLEX TOPIX BULL 2X ETF,219696.00,,,
82,TPM5,TOPIX INDEX F2506,15.20,,,
82,JPYZZ0000001,YEN현금,57493841.00,,,
82,JP3027620008,iFree ETF - TOPIX,28900.00,,,
82,JP3047870005,iFree ETF TOPIX Leveraged 2x I,917.00,,,
82,FXFWD0000JPY,외국환포워드JPY,-4053093441.00,,,
121,JP3122400009,ADVANTEST CORP,1500.00,,,
121,JP3388200002,AEON,188.00,,,
121,JP3112000009,AGC Inc,38.00,,,
121,JP3119600009,AJINOMOTO CO INC,375.00,,,
121,JP3429800000,ALL NIPPON AIRWAYS,19.00,,,
121,JP3126400005,ALPS ELECTRIC CO LTD,188.00,,,
121,JP3122800000,AMADA CO,188.00,,,
121,JP3711200000,AOZORA BANK LTD,19.00,,,
121,JP3116000005,ASAHI GROUP HOLDINGS,563.00,,,
121,JP3111200006,ASAHI KASEI,188.00,,,
411,207940,삼성바이오로직스,27.00,28161000,,
411,US03209R1032,Amphastar Pharmaceuticals Inc,686.00,,,
411,CH1176493729,Bachem Holding AG,278.00,,,
411,JP3519400000,CHUGAI PHARMACEUTICAL CO LTD,483.00,,,
411,US5324571083,ELI LILLY & CO,116.00,,,
411,US40637H1095,Halozyme Therapeutics Inc,316.00,,,
411,IE0005711209,ICON PLC,142.00,,,
411,US45337C1027,INCYTE CORP,323.00,,,
411,CH0013841017,Lonza Group AG,47.00,,,
411,US80810D1037,SCHRODINGER INC,9.00,,,
67,114800,KODEX 인버스,3000.00,11580000,,
67,123310,TIGER 인버스,800.00,3452000,,
67,KR4101W60000,코스피200 F 202506,-1.40,-136535000,,
67,KR4101W90007,코스피200 F 202509,-3.40,-332095000,,
388,INE406A01037,AUROBINDO PHARMA LTD,1075.00,,,
388,INE437A01024,Apollo Hospitals Enterprise Ltd,450.00,,,
388,INE917I01010,Bajaj Auto Ltd,142.00,,,
388,INE472A01039,Blue Star Ltd,508.00,,,
388,INE323A01026,Bosch Ltd,41.00,,,
388,INE059A01026,Cipla Ltd/India,835.00,,,
388,INE935N01020,Dixon Technologies India Ltd,81.00,,,
388,INE089A01031,Dr Reddy's Laboratories Ltd,1063.00,,,
388,INE176B01034,Havells India Ltd,748.00,,,
388,INE101A01026,Mahindra & Mahindra Ltd,1743.00,,,
389,INE742F01042,Adani Ports & Special Economic Zone Ltd,713.00,,,
389,INE647O01011,Aditya Birla Fashion and Retail Ltd,2951.00,,,
389,INE917I01010,Bajaj Auto Ltd,234.00,,,
389,INE296A01024,Bajaj Finance Ltd,167.00,,,
389,INE918I01026,Bajaj Finserv Ltd,669.00,,,
389,INE047A01021,Grasim Industries Ltd,228.00,,,
389,INE038A01020,Hindalco Industries Ltd,907.00,,,
389,INE053A01029,Indian Hotels Co Ltd/The,1000.00,,,
389,INE758E01017,Jio Financial Services Ltd,3103.00,,,
389,INE214T01019,LTIMindtree Ltd,372.00,,,
141,SWAP00000004,스왑(NH투자증권),,24727820,,
141,SWAP00000010,스왑(메리츠증권),,404330270,,
289,006360,GS건설,3993.00,96430950,,
289,267260,HD현대일렉트릭,451.00,188743500,,
289,010120,LS ELECTRIC,773.00,200593500,,
289,100840,SNT에너지,1814.00,76913600,,
289,047040,대우건설,26161.00,116154840,,
289,001440,대한전선,5279.00,86206070,,
289,034020,두산에너빌리티,9409.00,480799900,,
289,006910,보성파워텍,8524.00,27106320,,
289,083650,비에이치아이,3063.00,125889300,,
289,014620,성광벤드,1655.00,57097500,,
311,US67066G1040,NVIDIA CORP,3799.00,,,
311,KR103501GA92,국고채권01125-2509(20-6),,27030999,,
311,KR103501GB34,국고채권01250-2603(21-1),,128378378,,
311,KR103502G6C4,국고채권01500-2612(16-8),,27027027,,
311,KR103502G669,국고채권01875-2606(16-3),,13513514,,
311,KR103502G5C6,국고채권02250-2512(15-8),,120270270,,
311,KR103501GC33,국고채권02375-2703(22-1),,13586689,,
311,KR103501GF30,국고채권02625-2703(25-1),,36862698,,
311,KR103503GE96,국고채권02875-2609(24-9),,47953121,,
311,KR103501GD65,국고채권03125-2606(23-4),,13629257,,
380,042700,한미반도체,80.00,6864000,,
380,US0079031078,ADVANCED MICRO DEVICES,96.00,,,
380,US0326541051,ANALOG DEVICES,35.00,,,
380,US03662Q1058,ANSYS INC,12.00,,,
380,US0382221051,APPLIED MATERIALS INC,53.00,,,
380,US0420682058,ARM Holdings PLC,30.00,,,
380,US00215W1009,ASE Technology Holding Co Ltd,364.00,,,
380,USN070592100,ASML HOLDING,17.00,,,
380,US04626A1034,Astera Labs Inc,49.00,,,
380,US11135F1012,BROADCOM LTD,216.00,,,
383,034220,LG디스플레이,1630.00,14474400,,
383,373220,LG에너지솔루션,47.00,13747500,,
383,011070,LG이노텍,95.00,14240500,,
383,000660,SK하이닉스,68.00,16320000,,
383,005930,삼성전자,244.00,14615600,,
383,KYG2953R1149,AAC TECH,1990.00,,,
383,US0320951017,AMPHENOL CORP-CL A,112.00,,,
383,US0378331005,APPLE Inc,422.00,,,
383,US00215W1009,ASE Technology Holding Co Ltd,975.00,,,
383,US01609W1027,Alibaba Group Holding Ltd,79.00,,,
163,105560,KB금융,69.00,7396800,,
163,035420,NAVER,28.00,5628000,,
163,005490,POSCO홀딩스,14.00,3731000,,
163,000660,SK하이닉스,101.00,24240000,,
163,000270,기아,47.00,4554300,,
163,207940,삼성바이오로직스,3.00,3129000,,
163,005930,삼성전자,906.00,54269400,,
163,005935,삼성전자우,154.00,7561400,,
163,068270,셀트리온,29.00,4703800,,
163,055550,신한지주,94.00,5621200,,
41,028050,삼성E&A,1691.00,39231200,,
41,006400,삼성SDI,768.00,132787200,,
41,028260,삼성물산,904.00,156572800,,
41,207940,삼성바이오로직스,150.00,156450000,,
41,032830,삼성생명,512.00,62720000,,
41,018260,삼성에스디에스,168.00,23150400,,
41,009150,삼성전기,744.00,98505600,,
41,005930,삼성전자,6100.00,365390000,,
41,010140,삼성중공업,8917.00,154442440,,
41,016360,삼성증권,1694.00,109601800,,
50,028050,삼성E&A,5639.00,130824800,,
50,006400,삼성SDI,706.00,122067400,,
50,028260,삼성물산,797.00,138040400,,
50,207940,삼성바이오로직스,120.00,125160000,,
50,032830,삼성생명,1240.00,151900000,,
50,018260,삼성에스디에스,927.00,127740600,,
50,009150,삼성전기,994.00,131605600,,
50,005930,삼성전자,2196.00,131540400,,
50,010140,삼성중공업,7634.00,132220880,,
50,016360,삼성증권,2043.00,132182100,,
132,VN0FUEKIV304,KIM GROWTH VN30 ETF,33333.33,16667198,,
132,SWAP00000004,스왑(NH투자증권),,-3065290,,
132,SWAP00000010,스왑(메리츠증권),,529445732,,
132,SWAP00000005,스왑(미래에셋증권),,-4216834,,
132,SWAP00000009,스왑(삼성증권),,606769218,,
132,SWAP00000007,스왑(한국투자증권),,371551172,,
254,CA11285B1085,(US)BROOKFIELD RENEWABLE COR-A,212.00,,,
254,CA36168Q1046,(US)GFL ENVIRONMENTAL INC (가코드),134.00,,,
254,US02361E1082,AMERESCO INC-A,269.00,,,
254,US04271T1007,ARRAY TECHNOLOGIES INC,1066.00,,,
254,US0937121079,BLOOM ENERGY CORPORATION,249.00,,,
254,US0997241064,BORGWARNER INC,188.00,,,
254,CA1366351098,CANADIAN SOLAR INC,522.00,,,
254,US1474481041,CASELLA WASTE SYSTEMS,57.00,,,
254,US2044096012,CEMIG SA,3176.00,,,
254,US16411R2085,CHENIERE ENERGY INC,29.00,,,
5,US0003602069,AAON Inc,101.00,,,
5,US03820C1053,Applied Industrial Technologies Inc,49.00,,,
5,US0476491081,Atkore Inc,51.00,,,
5,US05605H1005,BWX Technologies Inc,111.00,,,
5,US0565251081,Badger Meter Inc,44.00,,,
5,US12541W2098,CH Robinson Worldwide Inc,107.00,,,
5,US1264021064,CSW Industrials Inc,25.00,,,
5,US1999081045,Comfort Systems USA Inc,34.00,,,
5,US21044C1071,Construction Partners Inc,69.00,,,
5,US21874C1027,Core & Main Inc,227.00,,,
364,US0079031078,ADVANCED MICRO DEVICES,224.00,,,
364,US02079K3059,ALPHABET INC-CL A,638.00,,,
364,US0378331005,APPLE INC,435.00,,,
364,US0846707026,BERKSHIRE HATHAWAY INC-CL B,52.00,,,
364,US11135F1012,BROADCOM INC,114.00,,,
364,US30303M1027,META PLATFORMS INC-CLASS A,120.00,,,
364,US5949724083,MICROSTRATEGY INC-CL A,63.00,,,
364,US67066G1040,NVIDIA CORP,195.00,,,
364,US69608A1088,PALANTIR TECHNOLOGIES INC-A,912.00,,,
364,US88160R1014,TESLA INC,379.00,,,
348,SWAP00000011,스왑(키움증권),,-5270990,,
348,SWAP00000007,스왑(한국투자증권),,-19201465,,
347,SWAP00000002,스왑(KB증권),,21616905,,
347,SWAP00000011,스왑(키움증권),,89569175,,
347,SWAP00000007,스왑(한국투자증권),,114851554,,
346,US02079K3059,ALPHABET INC-CL A,518.00,,,
346,US0378331005,APPLE Inc,413.00,,,
346,US0231351067,Amazon.com Inc,430.00,,,
346,US11135F1012,BROADCOM LTD,50.00,,,
346,US5949181045,MICROSOFT,211.00,,,
346,US30303M1027,Meta Platforms Inc-CL A,93.00,,,
346,US64110L1061,NETFLIX,10.00,,,
346,US67066G1040,NVIDIA Corp,719.00,,,
346,US8725901040,T-MOBILE US INC,35.00,,,
346,US88160R1014,TESLA MOTORS,201.00,,,
372,SWAP00000011,스왑(키움증권),,23999369,,
372,SWAP00000007,스왑(한국투자증권),,18131645,,
21,US88579Y1010,3M CO,7.92,,,
21,US0003602069,AAON Inc,0.39,,,
21,US0028241000,ABBOTT LABORATORIES,21.04,,,
21,US00090Q1031,ADT Inc,16.02,,,
21,US00846U1016,AGILENT TECHNOLOGIES INC,1.56,,,
21,US0091581068,AIR PRODUCTS & CHEMICALS INC,3.13,,,
21,US02079K3059,ALPHABET INC-CL A,16.41,,,
21,US02079K1079,ALPHABET INC-CL C,15.46,,,
21,US0258161092,AMERICAN EXPRESS CO,4.35,,,
21,US0268747849,AMERICAN INTERNATIONAL GROUP,9.15,,,
22,480030,ACE 미국500데일리타겟커버드콜(합성),10306.00,99401370,,
22,US88579Y1010,3M CO,5.91,,,
22,US0003602069,AAON Inc,0.28,,,
22,US0028241000,ABBOTT LABORATORIES,15.72,,,
22,US00090Q1031,ADT Inc,11.94,,,
22,US00846U1016,AGILENT TECHNOLOGIES INC,1.16,,,
22,US0091581068,AIR PRODUCTS & CHEMICALS INC,2.34,,,
22,US02079K3059,ALPHABET INC-CL A,12.22,,,
22,US02079K1079,ALPHABET INC-CL C,11.56,,,
22,US0258161092,AMERICAN EXPRESS CO,3.25,,,
18,US88579Y1010,3M CO,16.00,,,
18,US0003602069,AAON Inc,1.00,,,
18,US0028241000,ABBOTT LABORATORIES,42.00,,,
18,US00090Q1031,ADT Inc,32.00,,,
18,US00846U1016,AGILENT TECHNOLOGIES INC,3.00,,,
18,US0091581068,AIR PRODUCTS & CHEMICALS INC,6.00,,,
18,US02079K3059,ALPHABET INC-CL A,33.00,,,
18,US02079K1079,ALPHABET INC-CL C,31.00,,,
18,US0258161092,AMERICAN EXPRESS CO,9.00,,,
18,US0268747849,AMERICAN INTERNATIONAL GROUP,18.00,,,
265,US3369011032,1ST SOURCE CORP,6.00,,,
265,US00287Y1091,ABBVIE INC,169.00,,,
265,US02209S1033,ALTRIA GROUP INC,599.00,,,
265,JE00BJ1F3079,AMCOR PLC,511.00,,,
265,US03071H1005,AMERISAFE Inc,7.00,,,
265,US0311621009,AMGEN INC,113.00,,,
265,US03743Q1085,APA CORPORATION,131.00,,,
265,US0394831020,ARCHER-DANIELS-MIDLAND CO,169.00,,,
265,US0259321042,American Financial Group Inc/OH,25.00,,,
265,US04316A1088,Artisan Partners Asset Managem,25.00,,,
374,SWAP00000011,스왑(키움증권),,26354783,,
374,SWAP00000007,스왑(한국투자증권),,26367099,,
296,367380,ACE 미국나스닥100,18000.00,413280000,,
296,US302154DJ59,EIBKOR 1 1/8 12/29/26,11976.00,,,
296,US302154BN89,EIBKOR 3 1/4 08/12/26,17665.00,,,
296,US302154EA32,EIBKOR 4 5/8 01/11/27,4192.00,,,
296,USY29011DD52,GSCCOR 4 1/2 01/05/26,5988.00,,,
296,USY4872AGL53,HIGHWY 1.125 05/17/26 REGS,10180.00,,,
296,XS2362559481,HYNMOT 1 5/8 07/12/26,11377.00,,,
296,US44891CBZ59,HYNMTR 1.65 09/17/26,3593.00,,,
296,US44891CCX92,HYNMTR 5.3 03/19/27,11976.00,,,
296,USY3815NBC49,HYUCAP 1 1/4 02/08/26,5988.00,,,
229,US0079031078,ADVANCED MICRO DEVICES,165.00,,,
229,US0090661010,AIRBNB INC-CLASS A,44.00,,,
229,US02079K3059,ALPHABET INC-CL A,241.00,,,
229,US02079K1079,ALPHABET INC-CL C,227.00,,,
229,US0255371017,AMERICAN ELECTRIC POWER,54.00,,,
229,US0311621009,AMGEN INC,54.00,,,
229,US0326541051,ANALOG DEVICES,50.00,,,
229,US03662Q1058,ANSYS INC,8.00,,,
229,US0378331005,APPLE Inc,622.00,,,
229,US0382221051,APPLIED MATERIALS INC,82.00,,,
194,US00846U1016,AGILENT TECHNOLOGIES INC,72.00,,,
194,IE00BFRT3W74,ALLEGION PLC,71.00,,,
194,US02079K3059,ALPHABET INC-CL A,51.00,,,
194,US02209S1033,ALTRIA GROUP INC,90.00,,,
194,US0311621009,AMGEN INC,18.00,,,
194,US0382221051,APPLIED MATERIALS INC,30.00,,,
194,US0527691069,AUTODESK Inc,21.00,,,
194,US00724F1012,Adobe Inc,23.00,,,
194,US0231351067,Amazon.com Inc,27.00,,,
194,US0905722072,BIO-RAD LABORATORIES-A,14.00,,,
295,360200,ACE 미국S&P500,18700.00,388866500,,
295,US50050HAP10,CITNAT 1 3/8 05/06/26,4730.00,,,
295,US302154DJ59,EIBKOR 1 1/8 12/29/26,10135.00,,,
295,US302154BN89,EIBKOR 3 1/4 08/12/26,5068.00,,,
295,US302154EA32,EIBKOR 4 5/8 01/11/27,4392.00,,,
295,US302154DU05,EIBKOR 4 7/8 01/11/26,2365.00,,,
295,USY29011DD52,GSCCOR 4 1/2 01/05/26,3041.00,,,
295,USY4872AGL53,HIGHWY 1.125 05/17/26 REGS,10135.00,,,
295,US404280BX62,HSBC 4.292 09/12/26,1689.00,,,
295,XS2362559481,HYNMOT 1 5/8 07/12/26,6757.00,,,
219,360200,ACE 미국S&P500,18700.00,388866500,,
219,US50050HAP10,CITNAT 1 3/8 05/06/26,4730.00,,,
219,US302154DJ59,EIBKOR 1 1/8 12/29/26,10135.00,,,
219,US302154BN89,EIBKOR 3 1/4 08/12/26,5068.00,,,
219,US302154EA32,EIBKOR 4 5/8 01/11/27,4392.00,,,
219,US302154DU05,EIBKOR 4 7/8 01/11/26,2365.00,,,
219,USY29011DD52,GSCCOR 4 1/2 01/05/26,3041.00,,,
219,USY4872AGL53,HIGHWY 1.125 05/17/26 REGS,10135.00,,,
219,US404280BX62,HSBC 4.292 09/12/26,1689.00,,,
219,XS2362559481,HYNMOT 1 5/8 07/12/26,6757.00,,,
171,SWAP00000009,스왑(삼성증권),,41744736,,
373,SWAP00000011,스왑(키움증권),,3016414,,
373,SWAP00000007,스왑(한국투자증권),,4009238,,
179,SWAP00000004,스왑(NH투자증권),,2053234,,
179,SWAP00000009,스왑(삼성증권),,16780541,,
381,US0494681010,ATLASSIAN CORP PLC-CLASS A,35.00,,,
381,US00724F1012,Adobe Inc,37.00,,,
381,US03831W1080,AppLovin Corp,23.00,,,
381,US22788C1053,CROWDSTRIKE HOLDINGS INC - A,21.00,,,
381,US1273871087,Cadence Design Systems Inc,32.00,,,
381,US25461A8586,Direxion Daily AMZN Bull 2X Shares,988.00,,,
381,NL0013056914,Elastic NV,64.00,,,
381,US3020811044,ExlService Holdings Inc,124.00,,,
381,US4435731009,HubSpot Inc,12.00,,,
381,US57667L1070,MATCH GROUP INC,190.00,,,
70,US0494681010,ATLASSIAN CORP PLC-CLASS A,35.00,,,
70,US00724F1012,Adobe Inc,37.00,,,
70,US03831W1080,AppLovin Corp,23.00,,,
70,US22788C1053,CROWDSTRIKE HOLDINGS INC - A,21.00,,,
70,US1273871087,Cadence Design Systems Inc,32.00,,,
70,US25461A8586,Direxion Daily AMZN Bull 2X Shares,988.00,,,
70,NL0013056914,Elastic NV,64.00,,,
70,US3020811044,ExlService Holdings Inc,124.00,,,
70,US4435731009,HubSpot Inc,12.00,,,
70,US57667L1070,MATCH GROUP INC,190.00,,,
401,138930,BNK금융지주,2876.00,33677960,,
401,007340,DN오토모티브,1974.00,44908500,,
401,012630,HDC,1070.00,23968000,,
401,267270,HD현대건설기계,186.00,13354800,,
401,105560,KB금융,131.00,14043200,,
401,002380,KCC,27.00,8842500,,
401,030200,KT,213.00,10990800,,
401,003550,LG,97.00,7294400,,
401,006260,LS,76.00,13672400,,
401,005940,NH투자증권,1066.00,19422520,,
275,CNE100001526,(선)BYD CO LTD -A,647.00,,,
275,US02079K3059,ALPHABET INC-CL A,110.00,,,
275,KYG037AX1015,AMBARELLA INC,295.00,,,
275,JE00BTDN8H13,APTIV PLC,265.00,,,
275,US0420682058,ARM Holdings PLC,137.00,,,
275,US0517741072,AURORA INNOVATION,2466.00,,,
275,KYG017191142,Alibaba group holding ltd,1172.00,,,
275,US0231351067,Amazon.com Inc,87.00,,,
275,KYG070341048,BIDU,1540.00,,,
275,US25460G2865,Direxion Daily TSLA Bull 2X Sh,2286.00,,,
334,US33939L6627,FLEXSHARES HIGH YIELD VALUE,1497.00,,,
334,US37954Y4834,GLOBAL X NASD 100 COV CALL,3352.00,,,
334,US37954Y4594,GLOBAL X RUSSELL 2000 COV CL,3032.00,,,
334,US37954Y6573,GLOBAL X US PREFERRED ETF,1941.00,,,
334,US4642882819,ISHARES JP MORGAN USD EMERGI,298.00,,,
334,US4642887784,ISHARES US REGIONAL BANKS ET,291.00,,,
334,US8085247307,SCHWAB FNDMNTL EM MRK EQ ETF,1309.00,,,
334,US78468R6062,SPDR PORTFOLIO HIGH YIELD BO,2107.00,,,
334,US9220428588,VANGUARD FTSE EMERGING MARKE,612.00,,,
334,US92206C8139,VANGUARD LONG-TERM CORP BOND,204.00,,,
410,US00287Y1091,ABBVIE INC,197.00,,,
410,US0311621009,AMGEN INC,52.00,,,
410,US0463531089,ASTRAZENECA SPON ADR EACH REP 0.50 ORD S,329.00,,,
410,US1101221083,BRISTOL-MYERS SQUIBB CO,177.00,,,
410,US5324571083,ELI LILLY & CO,90.00,,,
410,US3755581036,GILEAD SCIENCES INC,127.00,,,
410,US37733W2044,GSK PLC,209.00,,,
410,US4781601046,JOHNSON & JOHNSON,242.00,,,
410,US58933Y1055,MERCK & CO. INC.,265.00,,,
410,US66987V1098,Novartis AG,219.00,,,
293,US0378331005,APPLE INC,300.00,,,
293,US1912161007,COCA-COLA CO/THE,843.00,,,
293,US5324571083,ELI LILLY & CO,84.00,,,
293,FR0000052292,HERMES INTERNATIONAL,21.00,,,
293,US46625H1005,JPMORGAN CHASE & CO,232.00,,,
293,US5949181045,MICROSOFT CORP,134.00,,,
293,US64110L1061,NETFLIX INC,51.00,,,
293,US67066G1040,NVIDIA CORP,460.00,,,
293,US7427181091,PROCTER & GAMBLE CO/THE,366.00,,,
293,US88160R1014,TESLA INC,181.00,,,
305,000660,SK하이닉스,1247.00,299280000,299280000,
305,005930,삼성전자,647.00,38755300,38561200,
305,US0079031078,ADVANCED MICRO DEVICES,278.00,,,
305,US0382221051,APPLIED MATERIALS INC,180.00,,,
305,USN070592100,ASML HOLDING NV-NY REG SHS,235.00,,,
305,US11135F1012,BROADCOM INC,145.00,,,
305,US67066G1040,NVIDIA CORP,1413.00,,,
305,US7475251036,QUALCOMM INC,188.00,,,
305,US8740391003,TAIWAN SEMICONDUCTOR-SP ADR,1018.00,,,
305,US8825081040,TEXAS INSTRUMENTS INC,159.00,,,
270,US0079031078,ADVANCED MICRO DEVICES,290.00,,,
270,US02079K3059,ALPHABET INC-CL A,154.00,,,
270,US02079K1079,ALPHABET INC-CL C,152.00,,,
270,US0326541051,ANALOG DEVICES,23.00,,,
270,US03662Q1058,ANSYS INC,55.00,,,
270,US0378331005,APPLE Inc,245.00,,,
270,USN070592100,ASML HOLDING,18.00,,,
270,US0527691069,AUTODESK Inc,91.00,,,
270,US11135F1012,BROADCOM LTD,256.00,,,
270,US22788C1053,CROWDSTRIKE HOLDINGS INC - A,134.00,,,
402,US0420682058,ARM Holdings PLC,590.00,,,
402,KYG022421088,Alchip Technologies Ltd,69.00,,,
402,US11135F1012,BROADCOM LTD,339.00,,,
402,US1273871087,Cadence Design Systems Inc,235.00,,,
402,KYG254571055,Credo Technology Holding Ltd,146.00,,,
402,US55405Y1001,MACOM TECHNOLOGY SOLUTIONS HOLDINGS,64.00,,,
402,US5738741041,MARVELL TECHNOLOGY INC,743.00,,,
402,US7509171069,RAMBUS INC,92.00,,,
402,US8716071076,SYNOPSYS INC,133.00,,,
402,US8168501018,Semtech Corp,74.00,,,
382,US0079031078,ADVANCED MICRO DEVICES,101.00,,,
382,US02079K3059,ALPHABET INC-CL A,523.00,,,
382,US0404132054,ARISTA NETWORKS,80.00,,,
382,US0420682058,ARM Holdings PLC,32.00,,,
382,US0494681010,ATLASSIAN CORP PLC-CLASS A,25.00,,,
382,US00971T1016,Akamai Technologies Inc,52.00,,,
382,US04626A1034,Astera Labs Inc,40.00,,,
382,US0567521085,BAIDU INC,55.00,,,
382,US11135F1012,BROADCOM LTD,69.00,,,
382,US17275R1023,CISCO SYSTEMS INC,235.00,,,
10,360200,ACE 미국S&P500,3791.00,78833845,78284150,
10,356540,ACE 종합채권(AA-이상)KIS액티브,461.00,49928605,49963180,
10,365780,ACE 국고채10년,469.00,42662585,42725900,
10,273130,KODEX 종합채권(AA-이상)액티브,105.00,12423600,12440925,
10,US78464A4094,SPDR Portfolio S&P 500 Growth ETF,898.00,,,
10,US78462F1030,SPDR S&P500 ETF,23.00,,,
10,US8085244098,Schwab U.S. Large-Cap Value ETF,379.00,,,
10,US9219438580,Vanguard FTSE Developed Markets ETF,162.00,,,
10,US9220428588,Vanguard FTSE Emerging Markets ETF,345.00,,,
10,US9229087369,Vanguard Growth ETF,48.00,,,
9,356540,ACE 종합채권(AA-이상)KIS액티브,1736.00,188017480,188147680,
9,360200,ACE 미국S&P500,2368.00,49242560,48899200,
9,273130,KODEX 종합채권(AA-이상)액티브,397.00,46973040,47052440,
9,365780,ACE 국고채10년,209.00,19011685,19039900,
9,US78464A4094,SPDR Portfolio S&P 500 Growth ETF,560.00,,,
9,US78462F1030,SPDR S&P500 ETF,14.00,,,
9,US8085244098,Schwab U.S. Large-Cap Value ETF,237.00,,,
9,US9219438580,Vanguard FTSE Developed Markets ETF,101.00,,,
9,US9220428588,Vanguard FTSE Emerging Markets ETF,216.00,,,
9,US9229087369,Vanguard Growth ETF,30.00,,,
366,041510,에스엠,1290.00,180084000,179826000,28.26
366,352820,하이브,516.00,155058000,154542000,24.29
366,122870,와이지엔터테인먼트,1559.00,137503800,136724300,21.49
366,035900,JYP Ent.,1704.00,133082400,133082400,20.91
366,035760,CJ ENM,73.00,5657500,5803500,0.91
366,376300,디어유,107.00,5756600,5713800,0.90
366,037270,YG PLUS,794.00,5470660,5383320,0.85
366,182360,큐브엔터,256.00,4861440,4851200,0.76
366,043610,KT지니뮤직,1944.00,4558680,4539240,0.71
366,060570,드림어스컴퍼니,2059.00,3881215,3710318,0.58
101,278470,에이피알,221.00,30056000,29591900,4.31
101,122870,와이지엔터테인먼트,234.00,20638800,20521800,2.99
101,041510,에스엠,141.00,19683600,19528500,2.84
101,161890,한국콜마,199.00,18327900,18228400,2.65
101,003230,삼양식품,15.00,17955000,18120000,2.64
101,032350,롯데관광개발,1370.00,17837400,17960700,2.61
101,192820,코스맥스,72.00,17244000,17316000,2.52
101,352820,하이브,54.00,16227000,16146000,2.35
101,025980,아난티,2018.00,15720220,15720220,2.29
101,034230,파라다이스,1117.00,15470450,15604490,2.27
243,000660,SK하이닉스,382.00,91680000,93399000,9.62
243,035720,카카오,1540.00,79156000,79002000,8.14
243,259960,크래프톤,207.00,77107500,78142500,8.05
243,009150,삼성전기,557.00,73746800,73746800,7.60
243,005930,삼성전자,1203.00,72059700,71819100,7.40
243,042700,한미반도체,802.00,68811600,68009600,7.00
243,018260,삼성에스디에스,485.00,66833000,67124000,6.91
243,035420,NAVER,323.00,64923000,64761500,6.67
243,058470,리노공업,1187.00,58934550,58578450,6.03
243,007660,이수페타시스,1302.00,58329600,57157800,5.89
248,005930,삼성전자,2038.00,122076200,121872400,13.95
248,000660,SK하이닉스,343.00,82320000,83692000,9.58
248,105560,KB금융,700.00,75040000,74130000,8.49
248,086790,하나금융지주,706.00,54926800,54079600,6.19
248,055550,신한지주,878.00,52504400,51714200,5.92
248,035420,NAVER,214.00,43014000,42907000,4.91
248,028260,삼성물산,185.00,32042000,31764500,3.64
248,298040,효성중공업,37.00,25123000,25437500,2.91
248,316140,우리금융지주,989.00,20225050,20175600,2.31
248,051910,LG화학,85.00,17722500,17807500,2.04
353,000660,SK하이닉스,829.00,198960000,202276000,28.27
353,005930,삼성전자,3027.00,181317300,180711900,25.26
353,042700,한미반도체,1820.00,156156000,154336000,21.57
353,003160,디아이,818.00,14200480,13906000,1.94
353,140860,파크시스템스,50.00,13600000,13450000,1.88
353,058470,리노공업,235.00,11667750,11597250,1.62
353,007660,이수페타시스,246.00,11020800,10762500,1.50
353,039440,에스티아이,494.00,10769200,10744500,1.50
353,039030,이오테크닉스,72.00,10663200,10641600,1.49
353,005290,동진쎄미켐,342.00,10533600,10550700,1.47
249,012330,현대모비스,204.00,58854000,58242000,9.78
249,005380,현대차,260.00,52260000,52520000,8.82
249,006400,삼성SDI,297.00,51351300,51232500,8.60
249,000270,기아,521.00,50484900,50901700,8.55
249,051910,LG화학,216.00,45036000,45144000,7.58
249,373220,LG에너지솔루션,154.00,45045000,45122000,7.58
249,005490,POSCO홀딩스,167.00,44505500,44088000,7.40
249,066570,LG전자,547.00,40806200,41572000,6.98
249,096770,SK이노베이션,376.00,35419200,35682400,5.99
249,247540,에코프로비엠,223.00,21162700,21385700,3.59
209,005930,삼성전자,7235.00,433376500,431567750,21.61
209,005930,삼성전자,9252.00,554194800,550956600,21.13
209,000660,SK하이닉스,1108.00,265920000,270352000,10.37
209,105560,KB금융,641.00,68715200,68330600,2.62
209,012450,한화에어로스페이스,68.00,61540000,62220000,2.39
209,005380,현대차,268.00,53868000,54538000,2.09
209,035420,NAVER,257.00,51657000,51657000,1.98
209,055550,신한지주,844.00,50471200,49880400,1.91
209,068270,셀트리온,308.00,49957600,49618800,1.90
209,000270,기아,488.00,47287200,47970400,1.84
209,034020,두산에너빌리티,849.00,43383900,45294150,1.74
40,005930,삼성전자,9252.00,554194800,553269600,21.23
40,000660,SK하이닉스,1108.00,265920000,269798000,10.35
40,105560,KB금융,641.00,68715200,67753700,2.60
40,012450,한화에어로스페이스,68.00,61540000,62764000,2.41
40,005380,현대차,268.00,53868000,53868000,2.07
40,035420,NAVER,257.00,51657000,51528500,1.98
40,068270,셀트리온,308.00,49957600,49742000,1.91
40,055550,신한지주,844.00,50471200,49627200,1.90
40,000270,기아,488.00,47287200,47628800,1.83
40,034020,두산에너빌리티,849.00,43383900,45166800,1.73
